name,brand,release_year,cpu_model,cores,threads,ram_gb,ram_upgradable,ram_slots,storage_gb,storage_type,display_inches,display_resolution,windows_11_support,typical_new_price_inr,repairability_notes,_input_name,cashify_price,_status
Dell Latitude 5420,Dell,2021.0,Intel Core i7-1185G7,4.0,8.0,16.0,True,2.0,512.0,SSD,14.0,1920x1080,True,,"Highly repairable with easily accessible RAM slots, M.2 SSD, and battery.",Dell Latitude 5000 Series 5420 (Intel Core i7 11th Gen 14 Inch),₹36299,ok
Dell Latitude 7420,Dell,2021.0,Intel Core i7-1185G7,4.0,8.0,,False,0.0,,SSD,14.0,1920x1080,True,,RAM is soldered to the motherboard and not upgradable; M.2 SSD is replaceable.,Dell Latitude 7000 Series 7420 (Intel Core i7 11th Gen 14 Inch),₹38099,ok
Dell Latitude 3000 Series 3420 (Intel Core i7 11th Gen 14 Inch),
Dell Latitude 3000 Series 3410 (Intel Core i5 10th Gen 14 Inch),
Dell Latitude 3000 Series 3420 (Intel Core i7 11th Gen 14 Inch),
Dell Latitude 3420,Dell,,Intel Core i7-1165G7,4.0,8.0,,True,,,SSD,14.0,,True,,Standard business laptop design with accessible internal components for upgrades.,Dell Latitude 3000 Series 3420 (Intel Core i7 11th Gen 14 Inch),₹34299,ok
Dell Latitude 3410,Dell,2020.0,Intel Core i5-10210U,4.0,,8.0,True,,,,14.0,,True,,Mainstream business laptop designed for professional use with accessible components.,Dell Latitude 3000 Series 3410 (Intel Core i5 10th Gen 14 Inch),₹25199,ok
Dell Latitude 5410,Dell,,Intel Core i7-10610U,,,,True,,,SSD,14.0,,True,,Latitude 5000 series generally features modular components and accessible RAM slots.,Dell Latitude 5000 Series 5410 (Intel Core i7 10th Gen 14 Inch),₹33999,ok
Dell Latitude 5420,Dell,2021.0,Intel Core i7-1185G7,4.0,8.0,16.0,True,2.0,512.0,SSD,14.0,1920x1080,True,,"Highly repairable with easily accessible RAM slots, M.2 SSD, and modular battery.",Dell Latitude 5000 Series 5420 ( TOUCH SCREEN ) (Intel Core i7 11th Gen 14 Inch),₹34999,ok
Dell Latitude 3440,Dell,2023,Intel Core i5-1335U,10,12,16,True,2,256,SSD,14.0,1920x1080,True,,Standard business laptop design with two SODIMM slots for RAM upgrades and a replaceable M.2 SSD.,Dell Latitude 3000 Series 3440 (Intel Core i5 13th Gen 14 Inch),₹39999,ok
Dell Latitude 5411,Dell,,Intel Core i7-10850H,6,12,16,True,2,500,SSD,14,,True,,Features two user-accessible SODIMM slots and an M.2 SSD slot for easy upgrades.,Dell Latitude 5000 Series 5411 (Intel Core i7 10th Gen 14 Inch),₹35999,ok
Dell Latitude 7430,Dell,2022,Intel Core i5 12th Gen,10,12,,False,0,512,SSD,14.0,1920x1080,True,,RAM is soldered to the motherboard and cannot be upgraded. The M.2 SSD and battery are user-replaceable.,Dell Latitude 7000 Series 7430 TOUCH SCREEN (Intel Core i5 12th Gen 14 Inch),₹36399,ok
Dell Latitude 5420,Dell,2021,Intel Core i5 11th Gen,4,8,16,True,2,512,SSD,14.0,1920x1080,True,,Features two user-accessible SODIMM slots for RAM upgrades and a replaceable M.2 NVMe SSD.,Dell Latitude 5000 Series 5420 ( TOUCH SCREEN ) (Intel Core i5 11th Gen 14 Inch),₹26899,ok
Dell Latitude 5400,Dell,2019,Intel Core i5-8265U,4,8,,True,2,,SSD,14.0,1920x1080,True,,Highly repairable with two SODIMM slots and easy access to internal components.,Dell Latitude 5000 Series latitude 5400 (Intel Core i5 8th Gen 14 Inch),₹19499,ok
Dell Latitude 5320,Dell,,Intel Core i7-1185G7,4,,16,False,0,512,SSD,13.3,1920x1080,True,,"RAM is soldered to the motherboard and cannot be upgraded; however, the M.2 SSD and battery are user-replaceable.",Dell Latitude 5000 Series 5320 (Intel Core i7 11th Gen 13.3 Inch),₹40399,ok
Dell Inspiron 14 Plus (7440),Dell,2024,Intel Core Ultra 7 155H,16,22,16,False,0,1024,SSD,14.0,2240x1400,True,105000,RAM is soldered to the motherboard and cannot be upgraded. The M.2 SSD and battery are user-replaceable.,Dell Inspiron 7000 Series 7440 (Intel Core Ultra 7 14 Inch),₹60599,ok
Dell Inspiron 15 3525,Dell,,AMD Athlon Silver,,,16,,,1000,SSD,15.6,1920x1080,True,,Features a thoughtful sustainable design; setup and specifications manual available online.,Dell Inspiron 3000 Series 15 3525 (Amd Athlon Silver 15.6 Inch),₹15699,ok
Dell Vostro 15 3530,Dell,2023,Intel Core i5-1335U,10,12,8,True,,256,SSD,15.6,1920x1080,True,,Supports dual storage options and RAM upgrades up to 64GB; features adaptive thermals.,Dell Vostro 3000 Series 15-3530 (Intel Core i5 13th Gen 15.6 Inch),₹41599,ok
Dell Latitude 5330,Dell,2022,Intel Core i7-1265U,10,12,16,False,0,512,SSD,13.3,1920x1080,True,,RAM is soldered to the motherboard and not upgradable; SSD and battery are user-replaceable.,Dell Latitude 5000 Series 5330 (Intel Core i7 12th Gen 14 Inch),₹44999,ok
Dell Latitude 5590,Dell,2018,Intel Core i5-8250U,4,8,,True,2,,SSD,15.6,1920x1080,True,,Highly serviceable with two SODIMM slots and support for both M.2 and 2.5-inch drive configurations.,Dell Latitude 5000 Series 5590 (Intel Core i5 8th Gen 15.6 Inch),₹19199,ok
Dell Inspiron 15 3505,Dell,2021,AMD Ryzen 5 3500U,4,8,8,True,2,256,SSD,15.6,1920x1080,True,,Standard budget laptop construction with accessible SODIMM RAM slots and M.2 storage for upgrades.,Dell Inspiron 3000 Series Inspiron 3505 (AMD Ryzen5 3000U Series 15.6 Inch),₹15999,ok
Dell Vostro 3520,Dell,,Intel Core i5-1135G7,4,8,8,True,2,256,SSD,14.0,1920x1080,True,,Standard Dell Vostro chassis with two SODIMM slots for RAM upgrades and accessible M.2 SSD slot.,Dell Vostro 3000 Series 3520 (Intel Core i5 11th Gen 14 Inch),₹28599,ok
Dell Vostro 3510,Dell,2021,Intel Core i5-1135G7,4,8,,True,2,,SSD,14.0,1920x1080,True,,Features two SODIMM slots for RAM upgrades and an M.2 slot for SSD storage.,Dell Vostro 3000 Series 3510 (Intel Core i5 11th Gen 14 Inch),₹27999,ok
Dell Vostro 3420,Dell,,Intel Core i5-1135G7,4,8,8,True,2,256,SSD,14.0,1920x1080,True,,Standard SODIMM and M.2 slots allow for easy RAM and storage upgrades.,Dell Vostro 3000 Series 3420 (Intel Core i5 11th Gen 14 Inch),₹28599,ok
Dell Latitude 3440,Dell,2023,Intel Core i3-1215U,6,8,8,True,2,256,SSD,14.0,1366x768,True,,Features two SODIMM slots for RAM upgrades and a replaceable M.2 SSD.,Dell Latitude 3000 Series Latitude 3440 (Intel Core i3 12th Gen 14 Inch),₹24799,ok
Dell Inspiron 15 3595,Dell,,AMD A6-9225,2,2,4,True,1,1000,HDD,15.6,1366x768,False,,Features a standard 2.5-inch SATA drive bay and a single SODIMM slot for memory upgrades.,Dell Inspiron 3000 Series 3595 (AMD-A6-9220 15.6 Inch),₹14399,ok
Dell Inspiron 15 5584,Dell,2019,Intel Core i5-8265U,4,8,8,True,2,256,SSD,15.6,1920x1080,True,55000,Features two SODIMM slots for RAM upgrades and supports both M.2 NVMe and 2.5-inch SATA drives.,Dell Inspiron 5000 Series 5584 (Intel Core i5 8th Gen 15.6 Inch),₹17499,ok
Dell Precision 3560,Dell,,Intel Core i5-1145G7,4,,32,True,2,512,SSD,15.6,,True,,Features two SODIMM slots for memory upgrades and a replaceable M.2 SSD.,Dell Precision Series 3560 (Intel Core i5 11th Gen 15.6 Inch),₹28799,ok
Dell Inspiron 15 5510,Dell,2021,Intel Core i5-11320H,4,8,8,True,2,512,SSD,15.6,1920x1080,True,,Features user-upgradable RAM via two SODIMM slots and replaceable M.2 NVMe SSD storage.,Dell Inspiron 5000 Series INSPIRON 15 5510 (Intel Core i5 11th Gen 15.6 Inch),₹32399,ok
Dell Vostro 3000 Series 3520 (Intel Core i5 12th Gen 15.6 Inch),Dell,,,,,,,,,,15.6,,,,,Dell Vostro 3000 Series 3520 (Intel Core i5 12th Gen 15.6 Inch),₹36999,ok
Dell G15 5530,Dell,2023,Intel Core i5-13450HX,10,16,16,True,2,512,SSD,15.6,1920x1080,True,85000,User-replaceable RAM and M.2 SSD slots; battery is accessible after removing the bottom panel.,Dell G15 Series Dell G15 5530 (Intel Core i5 13th Gen 15.6 Inch),₹49499,ok
Dell Latitude 7320,Dell,,Intel Core i7 11th Gen,,,16,False,,512,SSD,13.3,1920x1080,True,,RAM is soldered to the motherboard and not upgradable.,Dell Latitude 7000 Series Touch Screen 7320 (Intel Core i7 11th Gen 13.3 Inch),₹37399,ok
Dell Latitude 5421,Dell,,Intel Core i7-11850H,,,,True,,,SSD,14,1920x1080,True,,"Business-class design typically allows for easy access to RAM, storage, and battery components.",Dell Latitude 5000 Series latitude 5421 (Intel Core i7 11th Gen 14 Inch),₹39799,ok
Dell Vostro 3501,Dell,2020,Intel Core i3-1005G1,2,4,8,True,2,256,SSD,15.6,1920x1080,False,,"Standard Dell Vostro chassis, allows access to RAM and storage slots via bottom panel removal.",Dell Vostro 3000 Series 3501 (Intel Core i3 10th Gen 15.6 Inch),₹20999,ok
Dell Latitude 5300,Dell,,Intel Core i5 8th Gen,4,8,16,True,,512,SSD,13.3,1920x1080,False,,"Latitude 5000 series generally features user-replaceable RAM and storage, making it highly repairable.",Dell Latitude 5000 Series 5300 Touch Screen (Intel Core i5 8th Gen 13.3 Inch),₹19999,ok
Dell Latitude 5410,Dell,,Intel Core i5-10310U,4,8,8,True,2,256,SSD,14,1920x1080,False,,"Highly modular design with easily accessible RAM slots and storage bay, typical of the Latitude 5000 series.",Dell Latitude 5000 Series 5410 touch screen (Intel Core i5 10th Gen 14 Inch),₹27999,ok
Dell Vostro 3490,Dell,,Intel Core i3 10th Gen,,,,,,,,14.0,1366x768,True,,"Standard Vostro chassis, typically allows for RAM and storage upgrades.",Dell Vostro 3000 Series 3490 (Intel Core i3 10th Gen 14 Inch),₹21199,ok
Dell Latitude 7490,Dell,2018,Intel Core i5-7300U,2,4,,True,2,,SSD,14,1920x1080,False,,Highly repairable with easily accessible internal components and modular RAM/storage.,Dell Latitude 7000 Series 7490 (Intel Core i5 7th Gen 14 Inch),₹17499,ok
Dell Vostro 3480,Dell,2019,Intel Core i3-8145U,2,4,4-8,True,,128-1000,HDD,14,1366x768,False,,"Standard Vostro chassis design, generally accessible for RAM and storage upgrades.",Dell Vostro 3000 Series 3480 (Intel Core i3 8th Gen 14 Inch),₹17199,ok
Dell Vostro 3520,Dell,,Intel Core i3-1215U,6,8,8,True,,,SSD,15.6,1920x1080,True,,"Standard Vostro chassis, generally accessible for RAM and storage upgrades.",Dell Vostro 3000 Series 3520 (Intel Core i3 12th Gen 15.6 Inch),₹24999,ok
Dell Latitude 5400,Dell,2019,Intel Core i7-8665U,4,8,,True,2,,SSD,14,1920x1080,True,,Highly repairable with easily accessible RAM slots and storage bay; modular design.,Dell Latitude 5000 Series 5400 (Intel Core i7 8th Gen 14 Inch),₹23999,ok
Dell Latitude 5490,Dell,2018,Intel Core i5-8350U,4,8,8,True,2,256,SSD,14,1920x1080,True,,Highly repairable with easily accessible RAM slots and storage bay.,Dell Latitude 5000 Series Latitude 5490 (Intel Core i7 8th Gen 14 Inch),₹27199,ok
Dell Inspiron 15 3520,Dell,,Intel Core i3-1215U,,,,,,,SSD,15.6,1920x1080,True,,"Refurbished unit, standard laptop chassis design",Dell Inspiron 3000 Series 15 3520 (Intel Core i3 12th Gen 15.6 Inch),₹20999,ok
Dell Latitude 5410,Dell,2020,Intel Core i5-10310U,4,8,,True,2,,SSD,14.0,1920x1080,True,,Highly repairable with easily accessible RAM slots and storage bay.,Dell Latitude 5000 Series 5410 (Intel Core i5 10th Gen 14 Inch),₹25499,ok
Dell Inspiron 15 3511,Dell,2021,Intel Core i5-1135G7,4,8,8GB to 32GB,True,2,128GB to 2TB,SSD,15.6,1920x1080,True,,Standard laptop design with accessible RAM and storage slots for upgrades.,Dell Inspiron 3000 Series 15 3511 (Intel Core i5 11th Gen 15.6 Inch),₹29999,ok
Dell G15 5520,Dell,2022,Intel Core i5-12500H,12,16,8GB or 16GB,True,2,512,SSD,15.6,1920x1080,True,,"Thick and heavy chassis design, generally accessible internals for RAM and storage upgrades.",Dell G15 Series G15 5520 (Intel Core i5 12th Gen 15.6 Inch),₹38099,ok
Dell Vostro 3401,Dell,2020,Intel Core i3-1005G1,2,4,8,True,2,1000,HDD,14,1920x1080,False,,"Standard Vostro chassis with accessible RAM slots and HDD bay, though battery is internal.",Dell Vostro 3000 Series Vostro 3401 (Intel Core i3 10th Gen 14 Inch),₹17999,ok
Dell Latitude 3420,Dell,,Intel Core i3-1115G4,2,4,8,True,2,256,SSD,14,1366x768,True,,Generally considered user-serviceable with accessible RAM slots and storage bay.,Dell Latitude 3000 Series 3420 (Intel Core i3 11th Gen 14 Inch),₹20899,ok
Dell Latitude 3490,Dell,2018,Intel Core i5 8th Gen,,,,True,2,,SSD/HDD,14.0,,True,,Standard Latitude business-class design with accessible internal components and two SODIMM slots for memory upgrades.,Dell Latitude 3000 Series Latitude 3490 (Intel Core i5 8th Gen 14 Inch),₹18799,ok
Dell Inspiron 14 5430,Dell,2023,Intel Core i5-1335U,10,12,16,False,0,512,SSD,14.0,1920x1200,True,60000,RAM is soldered to the motherboard and not upgradable; SSD is replaceable.,Dell Inspiron 5000 Series 14 5430 (Intel Core i5 13th Gen 14 Inch),₹38699,ok
Dell Inspiron 3501,Dell,2020,Intel Core i3-1005G1,2,4,4,True,2,,HDD,15.6,1920x1080,True,,Standard Dell Inspiron chassis with accessible RAM and storage slots for upgrades.,Dell Inspiron 3000 Series Inspiron 3501 (Intel Core i3 10th Gen 15.6 Inch),₹21999,ok
Dell Vostro 3400,Dell,,Intel Core i3 11th Gen,,,,,,,,14,,True,,,Dell Vostro 3000 Series 3400 (Intel Core i3 11th Gen 14 Inch),₹20699,ok
Dell Latitude 3400,Dell,,Intel Core i3 8th Gen,,,,,,,,14,,False,,,Dell Latitude 3000 Series Latitude 3400 (Intel Core i3 8th Gen 14 Inch),₹18299,ok
Dell Latitude 3410,Dell,2020,Intel Core i3-10110U,2,4,8,True,2,256,SSD,14,1366x768,True,,Highly repairable with easily accessible RAM slots and storage bay.,Dell Latitude 3000 Series Latitude 3410 (Intel Core i3 10th Gen 14 Inch),₹20699,ok
Dell Inspiron 3593,Dell,,Intel Core i5-1035G1,4,,,True,,,,15.6,1366x768,True,,Standard Inspiron chassis with accessible RAM and storage slots.,Dell Inspiron 3000 Series 3593 (Intel Core i5 10th Gen 15.6 Inch),₹26799,ok
Dell Latitude 5420,Dell,,Intel Core i5 11th Gen,,,8,True,,256,SSD,14,1920x1080,True,,"Features a scalable design, suggesting modular components and ease of access for upgrades.",Dell Latitude 5000 Series 5420 (Intel Core i5 11th Gen 14 Inch),₹27999,ok
Dell Latitude 3410,Dell,,Intel Core i5 10th Gen,,,,,,,,14,,True,,,Dell Latitude 3000 Series 3410 Touch screen (Intel Core i5 10th Gen 14 Inch),₹26199,ok
Dell Latitude 7310,Dell,2020,Intel Core i7-10610U,4,8,16GB or 32GB,False,0,512GB or 1000GB,SSD,13.3,1920x1080,False,,RAM is soldered to the motherboard and not user-upgradable; SSD is typically replaceable.,Dell Latitude 7000 Series 7310 (Intel Core i7 10th Gen 13.3 Inch),₹25999,ok
Dell Latitude 5330 2-in-1,Dell,,Intel Core i7-1265U,10,,32,False,,512,SSD,13.3,1920x1080,True,,"Latitude 5000 series generally features modular components, but RAM is typically soldered on 2-in-1 models.",Dell Latitude 5000 Series 5330 (Intel Core i7 12th Gen 13.3 Inch),₹39999,ok
Dell Inspiron 14 5420,Dell,,Intel Core i7-1255U,10,12,,,,,SSD,14.0,2240x1400,True,,,Dell Inspiron 5000 Series 14 5420 (Intel Core i7 12th Gen 14 Inch),₹41999,ok
Dell Latitude 3540,Dell,2023,Intel Core i3-1215U or i3-1315U,,,8GB to 64GB,True,,256GB to 1TB,SSD,15.6,1920x1080 or 1366x768,True,,Features upgradeable memory slots and accessible SSD storage.,Dell Latitude 3000 Series 3540 (Intel Core i3 12th Gen 15.6 Inch),₹23199,ok
Dell Latitude 5320,Dell,2021,Intel Core i7-1185G7,4,8,,False,0,,SSD,13.3,1920x1080,True,,RAM is soldered to the motherboard and not upgradable; M.2 SSD is replaceable.,Dell Latitude 5000 Series 5320 TOUCH SCREEN (Intel Core i7 11th Gen 13.3 Inch),₹34999,ok
Dell Latitude 5330,Dell,2022,,,,,False,0,,SSD,13.3,,True,,RAM is soldered to the motherboard and not user-upgradable.,Dell Latitude 5000 Series 5330 Touch Screen (Intel Core i7 12th Gen 13.3 Inch),₹39999,ok
Dell Latitude 7430,Dell,2022,Intel Core i7-1265U,10,12,,False,0,,SSD,14,1920x1080,True,,RAM is soldered to the motherboard and not upgradable; SSD is replaceable.,Dell Latitude 7000 Series 7430 (Intel Core i7 12th Gen 14 Inch),₹45399,ok
Dell Inspiron 15 3520,Dell,,Intel Core i3-1215U,6,8,8,,,512,SSD,15.6,1920x1080,True,,"Standard Inspiron chassis design, typically allows for RAM and storage upgrades.",Dell Inspiron 3000 Series 3520 (Intel Core i3 12th Gen 15.6 Inch),₹24899,ok
Dell Inspiron 14 5440,Dell,,Intel Core i3-1305U,,,8,,,512,SSD,14,,True,46450,,Dell Inspiron 5000 Series 5440 (Intel Core i3 13th Gen 14 Inch),₹29699,ok
Dell G15 Series 5511,Dell,2021,Intel Core i7-11800H,8,16,16,True,2,512,SSD,15.6,1920x1080,True,,"The Dell G15 5511 features a modular design with accessible RAM slots and M.2 storage slots, making it relatively easy to upgrade components.",Dell G15 Series 5511 (Intel Core i7 11th Gen 15.6 Inch),₹50499,ok
Dell Latitude 5430,Dell,2022,Intel Core i5-1235U,10,12,8,True,2,256,SSD,14,1920x1080,True,,"Highly repairable with easily accessible RAM slots and M.2 SSD, modular design typical of Latitude 5000 series.",Dell Latitude 5000 Series 5430 (Intel Core i5 12th Gen 14 Inch),₹36399,ok
Dell G15 5530,Dell,2023,Intel Core i7-13650HX,14,20,,True,2,,SSD,15.6,1920x1080,True,,User-replaceable RAM and SSD; battery is accessible after removing the bottom panel.,Dell G15 Series Dell G15 5530 (Intel Core i7 13th Gen 15.6 Inch),₹60399,ok
Dell Inspiron 14 5440,Dell,,Intel Core i5-1334U,10,12,8,,,,,14,1920x1080,True,,,Dell Inspiron 5000 Series 14 5440 (Intel Core i5 13th Gen 14 Inch),₹39999,ok
Dell Latitude 5520,Dell,2021,Intel Core i5-1135G7 / i5-1145G7,4,8,,True,2,,SSD,15.6,1920x1080,True,,"Highly repairable with easily accessible RAM slots and M.2 SSD, modular design allows for straightforward component replacement.",Dell Latitude 5000 Series 5520 (Intel Core i5 11th Gen 15.6 Inch),₹28599,ok
Dell Vostro 3525,Dell,2022,AMD Ryzen 3 5425U,4,8,8,True,2,256,SSD,15.6,1920x1080,True,,Standard Vostro chassis with accessible RAM and storage slots,Dell Vostro 3000 Series 3525 (AMD Ryzen5 5000U Series 15.6 Inch),₹26799,ok
Dell Inspiron 13-5368,Dell,,Intel Core i5 6th Gen,,,,,,,,13.3,,False,,,Dell Inspiron Series 13-5368 (Intel Core i5 6th Gen 13.3 Inch),₹14999,ok
Dell Vostro 3425,Dell,,AMD Ryzen 5 5625U,,,8,,,512,SSD,14,,True,,,Dell Vostro 3000 Series 3425 (AMD Ryzen5 5000U Series 14 Inch),₹27499,ok
Dell Inspiron 3501,Dell,,Intel Core i5-1135G7,4,8,16,True,,1256,SSD/HDD,15.6,1920x1080,True,,RAM is upgradeable and storage includes an M.2 slot for SSD and a bay for HDD.,Dell Inspiron 3000 Series Inspiron 3501 (Intel Core i5 11th Gen 16 Inch),₹31099,ok
Dell Inspiron 3530,Dell,,Intel Core i5-1335U,10,,,,,512,SSD,15.6,1920x1080,True,,"Standard Dell Inspiron chassis, typically allows for RAM and SSD upgrades.",Dell Inspiron 3000 Series 3530 (Intel Core i5 13th Gen 15.6 Inch),₹43199,ok
Dell Latitude 7480,Dell,2017,Intel Core i5-7300U / i5-7200U,2,4,8,True,2,256,SSD,14,1920x1080,False,,Highly repairable with easily accessible internal components and modular design.,Dell Latitude 7000 Series 7480 (Intel Core i5 7th Gen 14 Inch),₹16099,ok
Dell G15 5520,Dell,2022,Intel Core i7-12700H,14,20,16,True,2,512,SSD,15.6,1920x1080,True,,"User-accessible RAM and M.2 SSD slots allow for easy upgrades, though the chassis requires removing multiple screws.",Dell G15 Series G15 5520 (Intel Core i7 12th Gen 15.6 Inch),₹45399,ok
Dell Inspiron 15 3515,Dell,,AMD Ryzen 3,,,8,,,256,SSD,15.6,1920x1080,True,,,Dell Inspiron 3000 Series inspiron 15 3515 (AMD Ryzen 3 3rd Gen 15.6 Inch),₹22099,ok
Dell Inspiron 15 3530,Dell,2023,Intel Core i7-1355U,10,12,32,True,2,1000,SSD,15.6,1920x1080,True,,Standard plastic chassis with accessible RAM and M.2 SSD slots for upgrades.,Dell Inspiron 3000 Series 3530 (Intel Core i7 13th Gen 15.6 Inch),₹48899,ok
Dell Latitude 3400,Dell,,Intel Core i5 8th Gen,4,,,,,,,14,1920x1080,True,,,Dell Latitude 3000 Series Latitude 3400 (Intel Core i5 8th Gen 14 Inch),₹18199,ok
Dell Latitude 5400,Dell,,Intel Core i7-8665U,4,,,True,,,,14,,False,,"Latitude 5000 series generally features user-accessible RAM slots and swappable storage, making it highly repairable.",Dell Latitude 5000 Series latitude 5400 (Intel Core i7 8th Gen 14 Inch),₹24699,ok
Dell Latitude 3420,Dell,2021,Intel Core i5-1135G7 / i5-1145G7,4,8,,True,2,256,SSD,14,1920x1080,True,,Highly repairable with accessible RAM slots and M.2 SSD bay; modular design allows for easy component replacement.,Dell Latitude 3000 Series 3420 (Intel Core i5 11th Gen 14 Inch),₹25999,ok
Dell Vostro 3420,Dell,,Intel Core i3 11th Gen,,,,True,,,SSD,14,1920x1080,True,,Standard Vostro chassis design typically allows for RAM and storage upgrades via bottom panel access.,Dell Vostro 3000 Series 3420 (Intel Core i3 11th Gen 14 Inch),₹23099,ok
Dell Latitude 7320,Dell,,Intel Core i7-1185G7,,,16,False,,512,SSD,13.3,1920x1080,True,,RAM is soldered to the motherboard and not user-upgradable.,Dell Latitude 7000 Series Touch Screen 7320 (Intel Core i7 11th Gen 13 Inch),₹39399,ok
Dell Latitude 7490,Dell,2018,Intel Core i7 8th Gen,,,,True,2,,SSD,14,1920x1080,True,,Highly repairable with easily accessible internal components and modular RAM slots.,Dell Latitude 7000 Series 7490 (Intel Core i7 8th Gen 14 Inch),₹24999,ok
Dell Vostro 3400,Dell,,Intel Core i5 11th Gen,,,,,,,,14,,True,,,Dell Vostro 3000 Series 3400 (Intel Core i5 11th Gen 14 Inch),₹27299,ok
Dell Vostro 3420,Dell,,Intel Core i3-1215U,6,8,,True,2,,SSD,14.0,1920x1080,True,,Standard Vostro chassis with accessible RAM slots and M.2 storage bay.,Dell Vostro 3000 Series 3420 (Intel Core i3 12th Gen 14 Inch),₹25999,ok
Dell Latitude 3490,Dell,,Intel Core i3-7130U / i3-7020U,2,4,4 or 8,True,2,256 or 1000,SSD/HDD,14,1920x1080 or 1366x768,False,,Standard business laptop design with accessible RAM and storage slots for upgrades.,Dell Latitude 3000 Series Latitude 3490 (Intel Core i3 7th Gen 14 Inch),₹14799,ok
Dell Inspiron 15 3520,Dell,,Intel Core i5-1235U,10,,16,,,1000,SSD,15.6,1920x1080,True,,"Standard Inspiron chassis, generally accessible for RAM and SSD upgrades.",Dell Inspiron 3000 Series 15 3520 (Intel Core i5 12th Gen 15.6 Inch),₹40899,ok
Dell Latitude 3440,Dell,,Intel Core i3-1215U,,,8,,,256,SSD,14,,True,,,Dell Latitude 3000 Series 3440 (Intel Core i3 12th Gen 14 Inch),₹27999,ok
Dell Inspiron 15 5000 Series 5518,Dell,,,,,,,,,,15.6,,,,,Dell Inspiron 5000 Series 5518 (Intel Core i5 11th Gen 15.6 Inch),₹30999,ok
Dell Latitude 5320,Dell,,Intel Core i5-1135G7,4,8,32,False,0,256,SSD,13.3,,True,,RAM is soldered to the motherboard and not upgradable.,Dell Latitude 5000 Series 5320 (Intel Core i5 11th Gen 13.3 Inch),₹28999,ok
Dell Latitude 5320,Dell,,Intel Core i5-1135G7,4,8,16,False,0,512,SSD,13.3,1920x1080,True,,RAM is soldered to the motherboard and not upgradable.,Dell Latitude 5000 Series TOUCH SREEN 5320 (Intel Core i5 11th Gen 13.3 Inch),₹28999,ok
Dell Vostro 3500,Dell,,Intel Core i3,,,,,,,,15.0,,,,,Dell Vostro 3000 Series 3500 (Intel Core i3 11th Gen 14 Inch),₹22999,ok
Dell Inspiron 15 3525,Dell,,AMD Ryzen 3 5425U,,,,True,,,SSD,15.6,,True,,"Standard Inspiron chassis, typically allows for RAM and storage upgrades.",Dell Inspiron 3000 Series 15 3525 (AMD Ryzen3 3000U Series 15.6 Inch),₹24999,ok
Dell Latitude 5400,Dell,,Intel Core i5-8265U / i5-8365U,4,8,,True,2,,SSD,14.0,1920x1080,False,,Highly repairable with easily accessible RAM slots and storage bay.,Dell Chromebook Series Latitude 5400 (Intel Core i5 8th Gen 14 Inch),₹15999,ok
Dell Latitude 5510,Dell,,Intel Core i5-10310U,,,16,True,,256,SSD,15.6,1920x1080,True,,"Standard Latitude business chassis, generally considered user-serviceable with accessible RAM and storage slots.",Dell Latitude 5000 Series 5510 (Intel Core i5 10th Gen 15.6 Inch),₹27999,ok
Dell Inspiron 3585,Dell,,AMD Ryzen 5 2500U,4,8,8,,,256,SSD,15.6,1920x1080,False,,"Standard Dell Inspiron chassis, generally accessible for RAM and storage upgrades.",Dell Inspiron 3000 Series 3585 (AMD Ryzen 5 2500U 15.6 Inch),₹29999,ok
Dell Inspiron 14 5410 2-in-1,Dell,2021,Intel Core i7-1165G7,,,,True,,,SSD,14.0,1920x1080,True,,Equipped with multiple upgradeable components,Dell Inspiron 5000 2-in-1 Series 5410 Touch Screen (Intel Core i7 11th Gen 14 Inch),₹32999,ok
Dell Inspiron 3515,Dell,,AMD Ryzen 3 3250U,2,4,8,True,2,,SSD,15.6,,False,,Standard Dell Inspiron chassis with accessible RAM slots and M.2 storage bay.,Dell Inspiron 3000 Series 3515 (AMD Ryzen3 3000U Series 15.6 Inch),₹19999,ok
Dell Vostro 5402,Dell,,Intel Core i5-1135G7,4,8,8,,,512,SSD,14,,True,,Features a durable design with a webcam privacy shutter,Dell Vostro 5000 Series Vostro 5402 (Intel Core i5 11th Gen 14 Inch),₹29999,ok
Dell Inspiron 15 3505,Dell,,AMD Ryzen 5 3450U,,,12,,,512,SSD,15.6,1920x1080,True,,"Standard Inspiron chassis, typically allows for RAM and storage upgrades.",Dell Inspiron 3000 Series 3505 (Amd Athlon Gold 15.6 Inch),₹14999,ok
Dell Inspiron 14 5402,Dell,,Intel Core i5-1135G7,,,8,,,512,SSD,14,1920x1080,True,,,Dell Inspiron 5000 Series 5402 (Intel Core i5 11th Gen 14 Inch),₹27999,ok
Dell Inspiron 13 5320,Dell,,Intel Core i5-1240P,12,16,16,False,,,SSD,13.3,,True,,"LPDDR5 memory is typically soldered to the motherboard, limiting upgradeability.",Dell Inspiron 5000 Series 13 5320 (Intel Core i5 12th Gen 13.3 Inch),₹35999,ok
Dell Latitude E5270,Dell,,Intel Core i5-6300U,2,4,8,True,2,256,SSD,12.5,,False,,Business-class design with relatively easy access to RAM and storage components.,Dell Latitude E5000 Series E5270 (Intel Core i7 6th Gen 12.5 Inch),₹18999,ok
Dell Inspiron 14 5410 2-in-1,Dell,,Intel Core i3 11th Gen / Intel Core i7-1165G7,,,12,True,,,SSD,14,,True,,Features multiple upgrade options for RAM and storage.,Dell Inspiron 5000 2-in-1 Series 5410 Touch Screen (Intel Core i3 11th Gen 14 Inch),₹23999,ok
Dell Vostro 3515,Dell,,AMD Ryzen 5 3450U,,,16,,,256,SSD,15.6,1920x1200,False,,,Dell Vostro 3000 Series 3515 (AMD Ryzen5 3000U Series 15.6 Inch),₹24999,ok
Dell Latitude 3410,Dell,,Intel Core i7 10th Gen,,,,,,,,14,1366x768,True,,,Dell Latitude 3000 Series Latitude 3410 (Intel Core i7 10th Gen 14 Inch),₹30999,ok
Dell Inspiron 15 3511,Dell,,Intel Core i3-1115G4 or Intel Core i5-1035G1,,,,True,2,,SSD,15.6,1920x1080,True,,Standard Dell budget laptop design; RAM and storage are generally accessible and upgradable.,Dell Inspiron 3000 Series Inspiron 15 3511 (Intel Core i3 10th Gen 15.6 Inch),₹19999,ok
Dell Inspiron 15 3511,Dell,,,,,,,,,SSD,15.6,1920x1080,True,,"Lacks USB-C port, budget-oriented build with some cut corners.",Dell Inspiron 3000 Series 15 3511 (Intel Core i7 11th Gen 15.6 Inch),₹36999,ok
Dell Inspiron 15 3511,Dell,,Intel Core i3-1115G4,2,4,8,True,2,256,SSD,15.6,1920x1080,True,,Standard Dell Inspiron chassis; RAM and storage are generally accessible and upgradable.,Dell Inspiron 3000 Series Inspiron 3511 (Intel Core i3 11th Gen 15 Inch),₹22999,ok
Dell Vostro 3515,Dell,,AMD Ryzen 7 3700U,,,16,True,,512,SSD,15.6,1920x1080,True,,"Standard Vostro chassis design, typically allows for RAM and storage upgrades.",Dell Vostro 3000 Series 3515 (AMD Ryzen7 3000U Series 15.6 Inch),₹27999,ok
Dell Inspiron 5502,Dell,,Intel Core i7-1165G7,,,16,True,2,1000,SSD,15.6,1920x1080,True,,"Standard Inspiron build, generally accessible internals but lacks premium chassis durability.",Dell Inspiron 5000 Series 5502 (Intel Core i7 11th Gen 15.6 Inch),₹29999,ok
Dell Latitude 3520,Dell,,Intel Core i5-1145G7,4,,16,True,,1000,SSD,15.6,1920x1080,True,,Standard business laptop design with accessible RAM slots and storage bay.,Dell Latitude 3000 Series 3520 (Intel Core i5 11th Gen 15.6 Inch),₹27999,ok
Dell Latitude 5300,Dell,,Intel Core i5 8th Gen,,,,,,,,13.3,,True,,,Dell Latitude 5000 Series 5300 (Intel Core i5 8th Gen 13.3 Inch),₹20999,ok
Dell Inspiron 3585,Dell,,AMD Ryzen 5 2500U,,,8,,,256,SSD,15.6,,False,,,Dell Inspiron 3000 Series 3585 (AMD Ryzen 5 2000U 15.6 Inch),₹24999,ok
Dell G3 Gaming Series G3 3500,Dell,,Intel Core i5-10300H,,,8,,,256,SSD,15.6,1920x1080,True,,Equipped with a dual-fan cooling system for thermal management.,Dell G3 Gaming Series G3 3500 (Intel Core i5 10th Gen 15.6 Inch),₹27999,ok
Dell Latitude 5310,Dell,,Intel Core i5-10310U,,,16,True,,256,SSD,13.3,,True,,Business-class design typically allows for easy access to RAM and storage components.,Dell Latitude 5000 Series 5310 (Intel Core i5 10th Gen 14 Inch),₹25999,ok
Dell Latitude 5320,Dell,2021,Intel Core i5-11th Gen,,,,False,0,,SSD,13.3,,True,,RAM is soldered to the motherboard and not upgradable.,Dell Latitude 5000 Series 5320 TOUCH SCREEN (Intel Core i5 11th Gen 13.3 Inch),₹34999,ok
Dell XPS 13 7390,Dell,2019,Intel Core i5-1035G1,4,8,,False,0,,SSD,13.3,,True,,RAM is soldered to the motherboard and not upgradable; SSD is replaceable.,Dell XPS Series 13 7390 TOUCH SCREEN (Intel Core i5 10th Gen 13 Inch),₹29999,ok
Dell Inspiron 7373,Dell,,Intel Core i7-8550U,,,16,False,,256,SSD,13.3,1920x1080,True,,"2-in-1 convertible design, RAM is typically soldered to the motherboard.",Dell Inspiron 7000 Series 7373 Touch Screen (Intel Core i7 8th Gen 13.3 Inch),₹24999,ok
Dell XPS 15 9570,Dell,,Intel Core i7-8750H,6,,,,,,,15.6,3840x2160,False,,,Dell XPS Series 9570 Touch screen (Intel Core i7 8th Gen 15.6 Inch),₹23999,ok
Dell XPS 13 9370,Dell,2018,Intel Core i7-8550U,4,8,16,False,0,512,SSD,13.3,1920x1080 or 3840x2160,False,,RAM is soldered to the motherboard and not upgradable; SSD is replaceable.,Dell XPS Series XPS 13 9370 (Intel Core i7 8th Gen 13.3 Inch),₹23999,ok
Dell Inspiron 15 3567,Dell,,Intel Core i5 7th Gen,,,,,,,,15.6,1920x1080,False,,,Dell Inspiron 3000 Series 15-3567 (Intel Core i5 7th Gen 15.6 Inch),₹14999,ok
Dell XPS 15 9570,Dell,2018,Intel Core i7-8750H,6,12,,True,2,,SSD,15.6,1920x1080,True,,"RAM and storage are user-replaceable, but battery and other components require disassembly.",Dell XPS Series 15 9570 (Intel Core i7 8th Gen 15.6 Inch),₹23999,ok
Dell Inspiron 5415,Dell,,AMD Ryzen 5 5500U,,,8,,,240,SSD,14,1920x1080,True,,,Dell Inspiron 5000 Series inspiron 5415 (AMD Ryzen5 5000U Series 14 Inch),₹25999,ok
Dell Inspiron 15 3535,Dell,,AMD Ryzen 5 7530U,6,12,,True,,2048,SSD,15.6,,True,,,Dell Inspiron 3000 Series 15 3535 (AMD Ryzen3 7000U Series 15.6 Inch),₹25999,ok
Dell Inspiron 15 7560,Dell,,Intel Core i7-7500U,2,4,8,,,1000,HDD,15.6,1920x1080,False,70716,,Dell Inspiron 7000 Series Inspiron 7560 (Intel Core i5 7th Gen 15.6 Inch),₹16999,ok
Dell Inspiron 16 5620,Dell,2022,Intel Core i7-1255U,10,12,16GB to 32GB,True,2,512GB to 1000GB,SSD,16.0,1920x1200,True,,"Features two SO-DIMM slots for RAM upgrades and an M.2 SSD slot, allowing for standard component maintenance.",Dell Inspiron 5000 Series 5620 (Intel Core i7 12th Gen 16 Inch),₹42999,ok
Dell Inspiron 15 5567,Dell,2017,Intel Core i7-7500U,2,4,8-16,True,2,1000,HDD,15.6,1366x768 or 1920x1080,False,,Standard Dell Inspiron chassis; RAM and HDD are user-accessible via the bottom panel.,Dell Inspiron 5000 Series 5567 (Intel Core i7 7th Gen 15.6 Inch),₹23999,ok
Dell Latitude 5495,Dell,,AMD Ryzen 5 PRO 2500U,,,8,,,256,SSD,14,1920x1080,False,,"Business-class laptop, generally considered serviceable by IT professionals.",Dell Latitude 5000 Series 5495 (AMD Ryzen 5 PRO 2500U 14 Inch),₹24999,ok
Dell Inspiron 5410 2-in-1,Dell,,Intel Core i3-1115G4,2,,16,,,512,SSD,14,1920x1080,True,,Refurbished units available; standard 2-in-1 chassis design.,Dell Inspiron 5000 2-in-1 Series 5410 2-in-1 Touch Screen (Intel Core i3 11th Gen 14 Inch),₹24999,ok
Dell Vostro 14 5410,Dell,,Intel Core i5-11320H,,,16,True,,512,SSD,14,1920x1080,True,,Features upgradeability options for memory and storage.,Dell Vostro 5000 Series 5410 (Intel Core i5 11th Gen 14 Inch),₹27999,ok
Dell Latitude 7400,Dell,,Intel Core i7-8665U,4,8,8,True,2,256,SSD,14,1920x1080,False,,"Generally considered repairable with accessible internal components, though the 8th Gen CPU does not officially meet Windows 11 hardware requirements.",Dell Latitude 7000 Series 7400 Touch Screen (Intel Core i7 8th Gen 14 Inch),₹23999,ok
Dell Latitude 5580,Dell,2017,Intel Core i7 7th Gen,,,32,True,2,1000,SSD,15.6,,False,,Highly repairable with easily accessible RAM and storage slots.,Dell Latitude 5000 Series 5580 (Intel Core i7 7th Gen 15.6 Inch),₹19999,ok
Dell Inspiron 14 7420 2-in-1,Dell,2022,Intel Core i3 12th Gen / i7-1255U,,,,,,,SSD,14.0,FHD+,True,,Convertible design with 3.5 lbs weight; internal components may vary by configuration.,Dell Inspiron 7000 2-in-1 Series 7420 touch screen (Intel Core i3 12th Gen 14 Inch),₹27999,ok
Dell XPS 13 9360,Dell,,Intel Core i7-7500U,2,4,16,False,0,256,SSD,13.3,3200x1800,False,,RAM is soldered to the motherboard and not upgradable.,Dell XPS Series dell xps 13 9360 (Intel Core i7 7th Gen 13.3 Inch),₹19999,ok
Dell Inspiron 5570,Dell,,Intel Core i7-8550U,,,8,True,,256,SSD,15.6,,False,,Standard Inspiron chassis with accessible RAM and storage slots.,Dell Inspiron 5000 Series Inspiron 5570 (Intel Core i7 8th Gen 15.6 Inch),₹24999,ok
Dell Inspiron 3000 Series 3583,Dell,,Intel Core i3 8th Gen,,,,,,,,15.6,,,,,Dell Inspiron 3000 Series 3583 (Intel Core i3 8th Gen 15.6 Inch),₹15999,ok
Dell Latitude 7440,Dell,2023,Intel Core i7-13620H,,,16,False,,512,SSD,14,,True,,"Soldered RAM is common in the Latitude 7000 series, limiting memory upgrades.",Dell Latitude 7000 Series 7440 (Intel Core i7 13th Gen 14 Inch),₹69999,ok
Dell Latitude 9430,Dell,,Intel Core i7-1265U,,,16,False,,512,SSD,14,1920x1200,True,,,Dell Latitude 9000 Series Latitude 9430 (Intel Core i7 12th Gen 14 Inch),₹54999,ok
Dell XPS 13 7390 2-in-1,Dell,2019,Intel Core i7-10710U,,,,False,,,SSD,13.3,3840x2400,True,,"Soldered RAM is common in this series, limiting upgradeability.",Dell XPS Series 13 7390 2-in-1 (Touch Screen) (Intel Core i7 10th Gen 13.3 Inch),₹32999,ok
Lenovo ThinkPad L14 Gen 1,Lenovo,2020,Intel Core i5-10210U,4,8,16,True,2,256,SSD,14,1920x1080,True,,High repairability with easily accessible RAM slots and M.2 SSD bay.,Lenovo Thinkpad L Series L14 GEN 1 (Intel Core i5 10th Gen 14 Inch),₹25999,ok
Lenovo ThinkPad L14 Gen 2,Lenovo,2021,Intel Core i5 11th Gen,,,,True,2,,SSD,14.0,,True,,"Features two SO-DIMM slots for RAM and a user-accessible M.2 SSD slot, making it highly serviceable.",Lenovo Thinkpad L Series L14 Gen 2 (Intel Core i5 11th Gen 14 Inch),₹29499,ok
Lenovo ThinkPad X1 Carbon Gen 8,Lenovo,2020,Intel Core i7-10510U,4,8,16,False,0,512,SSD,14,1920x1080,True,,RAM is soldered to the motherboard and not upgradable; SSD is replaceable.,Lenovo Thinkpad X1 Carbon Series Gen 8 (Intel Core i7s 10th Gen 14 Inch),₹34999,ok
Lenovo ThinkPad L14 Gen 2,Lenovo,2022,Intel Core i5-1135G7,4,8,16,True,2,,SSD,14,,True,,Standard ThinkPad L-series design with accessible internal components and upgradeable RAM slots.,Lenovo Thinkpad L Series L14 Gen 2 Touch Screen (Intel Core i5 11th Gen 14 Inch),₹29999,ok
Lenovo ThinkPad X1 Carbon Gen 9,Lenovo,2021,Intel Core i7-1185G7,4,8,16,False,0,512,SSD,14,,True,,RAM is soldered to the motherboard and not upgradable; SSD is replaceable.,Lenovo Thinkpad X Series X1 Carbon Gen 9 (Intel Core i7 11th Gen 14 Inch),₹39999,ok
Lenovo ThinkPad T14 Gen 1,Lenovo,2020,Intel Core i7 10th Gen,,,,True,,,SSD,14.0,,True,,"Features a modular design typical of the ThinkPad T-series, allowing for component upgrades and maintenance.",Lenovo Thinkpad T Series T14 Gen 1 Touch screen (Intel Core i7 10th Gen 14 Inch),₹37999,ok
Lenovo ThinkPad E15 Gen 2 (20TD),Lenovo,,Intel Core i3 11th Gen,,,,,,1000,SSD,15.6,,True,,,Lenovo Thinkpad E Series Thinkpad E15 Gen 2 (Intel Core i3 11th Gen 15.6 Inch),₹26599,ok
Lenovo Chromebook 14e 81MH0037HA,Lenovo,,AMD A6-9220C,2,2,8,False,,32,SSD,14,1920x1080,False,,"Chromebooks typically have soldered RAM and eMMC storage, limiting hardware upgrades.",Lenovo Chromebook Series 14e Touch Screen (AMD-A6-9220 14 Inch),₹13999,ok
Lenovo ThinkPad E14 Gen 2,Lenovo,2020,Intel Core i3-1115G4,2,4,8,True,1,256,SSD,14.0,1920x1080,True,,Features a standard M.2 SSD slot and one SO-DIMM RAM slot for upgrades; ThinkShutter privacy cover included.,Lenovo Thinkpad E Series E14 Gen 2 (Intel Core i3 11th Gen 14 Inch),₹19999,ok
Lenovo ThinkPad P15s Gen 1,Lenovo,2020,Intel Core i7 10th Gen,,,48,True,,2000,SSD,15.6,,True,,Standard ThinkPad design with accessible internal components for memory and storage upgrades.,Lenovo Thinkpad P Series P15s Gen 1 (Intel Core i7 10th Gen 15.6 Inch),₹35899,ok
Lenovo ThinkPad T14 Gen 1,Lenovo,2020,Intel Core i5-10310U,4,8,16,True,1,512,SSD,14,1920x1080,True,,"Features a modular design with one soldered RAM slot and one SO-DIMM slot, making it relatively easy to service and upgrade.",Lenovo Thinkpad T Series T14 GEN 1 (Intel Core i5 10th Gen 14 Inch),₹26499,ok
Lenovo S14 G3 IAP,Lenovo,,Intel Core i5-1235U,10,12,,,,512,SSD,14,,True,,,Lenovo S Series S14 G3 IAP (Intel Core i5 12th Gen 14 Inch),₹34999,ok
Lenovo Legion 5 Pro 16ACH6H,Lenovo,,AMD Ryzen 7 5800H,8,16,16,True,2,1000,SSD,16,2560x1600,True,202890,Standard gaming laptop design with accessible RAM and M.2 SSD slots for upgrades.,Lenovo Legion 5 Series PRO-16ACH6H (AMD Ryzen7 5000H Series 16 Inch),₹39999,ok
Lenovo ThinkPad P14s Gen 2i,Lenovo,2021,Intel Core i7-1165G7,4,8,,True,1,,SSD,14.0,1920x1080,True,,Features soldered RAM plus one SO-DIMM slot; M.2 SSD is user-replaceable.,Lenovo Thinkpad P Series P14s Gen 2i (Intel Core i7 11th Gen 14 Inch),₹39999,ok
Lenovo ThinkPad E470,Lenovo,2017,Intel Core i3-7100U,2,4,,True,2,,SSD/HDD,14,1366x768 or 1920x1080,False,,ThinkPad E series generally offers good access to RAM and storage components via the bottom panel.,Lenovo Thinkpad E Series E470 (Intel Core i3 7th Gen 14 Inch),₹14999,ok
Lenovo ThinkPad X1 Carbon Gen 9,Lenovo,2021,Intel 11th Gen Core i5/i7,,,,False,,,SSD,14.0,,True,,RAM is soldered to the motherboard and not user-upgradable.,Lenovo ThinkPad X1 Carbon Gen 9 (Intel Core i5 11th Gen 14 Inch),₹53299,ok
Lenovo ThinkPad T14 Gen 5,Lenovo,2024,Intel Core Ultra 7,,,,True,,,SSD,14,,True,,ThinkPad T series generally features high repairability with accessible internal components and modular design.,Lenovo Thinkpad T Series T14 Gen 5 (Intel Core Ultra 7 14 Inch),₹79999,ok
Lenovo ThinkPad E14 Gen 3,Lenovo,2021,AMD Ryzen 5 5500U,6,12,8,True,1,256,SSD,14,1920x1080,True,,Features one soldered RAM slot and one SO-DIMM slot; M.2 SSD is user-replaceable.,Lenovo Thinkpad E Series E14 Gen 3 (AMD Ryzen5 5000U Series 14 Inch),₹24999,ok
Lenovo Yoga Slim 6i 14IRH8,Lenovo,2024,Intel Core i5-13500H,12,16,16,False,,1000,SSD,14,1920x1200,True,,"LPDDR5x RAM is soldered to the motherboard, limiting upgradeability.",Lenovo Yoga Slim 6i Series 14IRH8 (Intel Core i5 13th Gen 14 Inch),₹44999,ok
Lenovo ThinkPad X1 Carbon Gen 8,Lenovo,2020,Intel Core i7-10610U,4,8,16,False,0,512,SSD,14,1920x1080,True,,RAM is soldered to the motherboard and not upgradable; SSD is replaceable.,Lenovo Thinkpad X Series X1 Carbon Gen 8 (Intel Core i7 10th Gen 14 Inch),₹37999,ok
Lenovo V14-IIL,Lenovo,,Intel Core i5-1035G1,4,8,8,True,,256,SSD,14,1920x1080,True,,Features a mix of soldered and slot-based RAM; standard chassis design allows for relatively easy access to storage and battery components.,Lenovo V Series V14-IIL (Intel Core i5 10th Gen 14 Inch),₹26899,ok
Lenovo ThinkPad L14 Gen 1,Lenovo,2020,Intel Core i5-10210U,4,8,8,True,2,256,SSD,14.0,1366x768,True,,"ThinkPad L series generally features user-replaceable RAM and storage, making it highly repairable.",Lenovo Thinkpad L Series L14 Touch Screen (Intel Core i5 10th Gen 14 Inch),₹28299,ok
Lenovo ThinkPad E14 Gen 2,Lenovo,2020,Intel Core i7 11th Gen,,,,True,,,SSD,14,1920x1080,True,,"Features a mix of soldered and socketed RAM, generally considered user-serviceable for storage and some memory upgrades.",Lenovo Thinkpad E Series E14 Gen 2 (Intel Core i7 11th Gen 14 Inch),₹33999,ok
Lenovo ThinkBook 14s Yoga G2 IAP,Lenovo,,Intel Core i7 12th Gen,,,,,,,SSD,14,1920x1080,True,,,Lenovo ThinkBook Series 14s Yoga G2 IAP Touch Screen (Intel Core i7 12th Gen 14 Inch),₹43899,ok
Lenovo LOQ 15IRX9,Lenovo,2024,Intel Core i5-13450HX / Intel Core i7-13650HX,10,16,24,True,,,SSD,15.6,,True,110990,"Design is 4% slimmer than previous model, supports RAM upgrades up to 64GB.",Lenovo Lenovo LOQ Series 15IRX9 (Intel Core i5 13th Gen 15.6 Inch),₹38999,ok
Lenovo ThinkPad L380 Yoga,Lenovo,2018,Intel Core i7-8550U,4,8,16,True,2,512,SSD,13.3,1920x1080,True,,Highly repairable with accessible internal components and modular RAM slots.,Lenovo Thinkpad L Series L380 (Intel Core i7 8th Gen 13.3 Inch),₹23999,ok
Lenovo ThinkPad P15s Gen 2i,Lenovo,2021,Intel Core i7 11th Gen,,,32,True,,512,SSD,15.6,,True,,ThinkPad P series generally offers good access to internal components like RAM and storage.,Lenovo Thinkpad P Series P15s Gen 2i (Intel Core i7 11th Gen 15.6 Inch),₹37999,ok
Lenovo IdeaPad Slim 5 16ABR8,Lenovo,,AMD Ryzen 7 7730U,,,16,False,,512,SSD,16,1920x1200,True,,Memory is soldered to the system board and not upgradable.,Lenovo ideapad Slim 5 Series 16ABR8 (AMD Ryzen7 7000U Series 16 Inch),₹38299,ok
Lenovo ThinkPad T14 Gen 1,Lenovo,2020,AMD Ryzen 7 Pro 4750U,8,16,,True,1,,SSD,14,1920x1080,True,,"Features a modular design with one soldered RAM slot and one SO-DIMM slot, making it relatively easy to service and upgrade.",Lenovo Thinkpad T Series T14 Gen 1 Touch screen (Amd Ryzen7 Pro 4000U Series 14 Inch),₹31799,ok
Lenovo ThinkPad T14 Gen 1 (AMD),Lenovo,2020,AMD Ryzen 7 PRO 4750U,8,16,16,True,1,256,SSD,14.0,1920x1080,True,,Features one soldered RAM module and one SO-DIMM slot; M.2 SSD is user-replaceable.,Lenovo Thinkpad T Series T14 GEN 1 (Amd Ryzen7 Pro 4000U Series 14 Inch),₹31999,ok
Lenovo ThinkPad L14 Gen 1,Lenovo,2020,Intel Core i7-10510U,4,8,,True,2,,SSD,14.0,,True,,"Highly repairable with accessible RAM slots and M.2 storage, typical of ThinkPad L-series design.",Lenovo Thinkpad L Series L14 GEN 1 (Intel Core i7 10th Gen 14 Inch),₹31999,ok
Lenovo ThinkPad E14 20RA0051US,Lenovo,,Intel Core i3-10110U,2,4,4,True,,256,SSD,14,1920x1080,False,,"ThinkPad E series generally offers good access to internal components like RAM and storage, though the 10th Gen Intel CPU is not officially supported by Windows 11.",Lenovo Thinkpad E Series E14 (Intel Core i3 10th Gen 14 Inch),₹16999,ok
Lenovo Thinkpad L490,Lenovo,,Intel Core i7-8565U,,,16,True,,256,SSD,14,1920x1080,False,,ThinkPad L series generally offers good access to internal components like RAM and storage.,Lenovo Thinkpad L Series L490 TOUCH SCREEN (Intel Core i5 8th Gen 14 Inch),₹22399,ok
Lenovo ThinkPad L14 Gen 2,Lenovo,2021,Intel Core i3-1115G4,2,4,,True,2,,SSD,14,1920x1080,True,,"Highly repairable with accessible RAM slots and M.2 storage, typical of the ThinkPad L series.",Lenovo Thinkpad L Series L14 Gen 2 (Intel Core i3 11th Gen 14 Inch),₹21999,ok
Lenovo IdeaPad Slim 3 15IAH8,Lenovo,,Intel Core i5-12450H,8,12,16,False,,512,SSD,15.6,1920x1080,True,,"Features military-grade durability, but RAM is typically soldered on Slim 3 series models.",Lenovo IdeaPad Slim 3 Series 15IAH8 (Intel Core i5 12th Gen 15.6 Inch),₹37999,ok
Lenovo ThinkPad L14 Gen 1 (20U1000WCK),Lenovo,,Intel Core i5-10210U,,,8,True,,256,SSD,14,1920x1080,False,,"ThinkPad L series generally features user-accessible RAM slots and M.2 storage, making it relatively easy to repair and upgrade.",Lenovo Thinkpad L Series L14 Gen 1 Touch Screen (Intel Core i5 10th Gen 14 Inch),₹24999,ok
Lenovo Thinkpad E480,Lenovo,,Intel Core i5-8250U,4,8,8,True,2,1000,HDD,14,1920x1080,False,,Generally considered user-serviceable with accessible RAM slots and storage bay.,Lenovo Thinkpad E Series E480 (Intel Core i5 8th Gen 14 Inch),₹18999,ok
Lenovo ThinkPad T490,Lenovo,2019,Intel Core i5-8265U,4,8,8,True,1,256,SSD,14,1920x1080,False,,Features a mix of soldered RAM and one SO-DIMM slot; generally considered highly repairable with accessible internal components.,Lenovo Thinkpad T Series T490 (Touch Screen) (Intel Core i5 8th Gen 14 Inch),₹19999,ok
Lenovo ThinkPad X390,Lenovo,,Intel Core i5-8265U,4,8,8,False,0,256,SSD,13.3,1920x1080,False,,RAM is soldered to the motherboard and not upgradable.,Lenovo Thinkpad X Series X390 (Intel Core i5 8th Gen 13 Inch),₹19999,ok
Lenovo IdeaPad Slim 3 14IAH8,Lenovo,,Intel Core i5 12th Gen,,,8,,,,SSD,14,,True,,Compact design with 1.4kg weight,Lenovo IdeaPad Slim 3 Series 14IAH8 (Intel Core i5 12th Gen 14 Inch),₹35999,ok
Lenovo ThinkPad T14 Gen 2 (Intel),Lenovo,2021,Intel Core i5-1135G7,4,8,,True,,,SSD,14,,True,,"ThinkPad T-series generally offers good serviceability with accessible internal components, though specific RAM configuration varies by model.",Lenovo Thinkpad T Series T14 GEN 2i TOUCH SCREEN (Intel Core i5 11th Gen 14 Inch),₹32999,ok
Lenovo ThinkPad E14 Gen 5,Lenovo,,AMD Ryzen 5 7530U / AMD Ryzen 7 7730U,8,,8,True,,512,SSD,14,,True,,Features M.2 2242 PCIe Gen4 SSD slot and expandable memory options typical of the ThinkPad E series.,Lenovo Thinkpad E Series E14 Gen 5 (AMD Ryzen5 7000U Series 14 Inch),₹24999,ok
Lenovo ThinkPad E15 Gen 2,Lenovo,2020,Intel Core i5-1135G7,4,8,8,True,1,512,SSD,15.6,1920x1080,True,,"Features one soldered RAM slot and one SO-DIMM slot, M.2 SSD is user-replaceable.",Lenovo Thinkpad E Series E15 Gen 2 (Intel Core i5 11th Gen 15.6 Inch),₹28699,ok
Lenovo IdeaPad 5 Pro Series 14IMH9,Lenovo,,Intel Core Ultra 9 185H,16,22,32,False,,1000,SSD,14,2880x1800,True,,"LPDDR5x RAM is soldered to the motherboard, limiting upgradeability.",Lenovo IdeaPad 5 Pro Series 14IMH9 (Intel Core Ultra 9 14 Inch),₹97999,ok
Lenovo ThinkPad T495,Lenovo,2019,AMD Ryzen 7 PRO 3700U,4,8,,True,1,,SSD,14.0,1920x1080,False,,"Features one soldered RAM slot and one SO-DIMM slot, M.2 SSD is user-replaceable.",Lenovo Thinkpad T Series T495 Touchscreen (Amd Ryzen7 Pro 3000U Series 14 Inch),₹29999,ok
Lenovo ThinkPad T470,Lenovo,2017,Intel Core i5-6320U,2,4,8,True,1,256,SSD,14,1920x1080,False,,Highly repairable with easily accessible internal components and modular design.,Lenovo Thinkpad T Series T470 (Intel Core i5 6th Gen 14 Inch),₹17299,ok
Lenovo ThinkBook 14-IIL,Lenovo,,Intel Core i3-10110U,2,4,,,,,,14,,False,,"Standard ThinkBook chassis, generally accessible internals but varies by specific sub-model configuration.",Lenovo ThinkBook Series 14-IIL (Intel Core i3 10th Gen 14 Inch),₹18799,ok
Lenovo IdeaPad 3 14ITL6,Lenovo,,Intel Core i3-1115G4,2,4,,,,,,14,1920x1080,True,,"Standard IdeaPad 3 chassis, typically features a mix of soldered and SO-DIMM memory depending on the specific sub-model.",Lenovo IdeaPad 3 Series 3 14ITL6 (Intel Core i3 11th Gen 14 Inch),₹17599,ok
Lenovo ThinkPad T470,Lenovo,2017,Intel Core i5-7300U,2,4,8,True,2,256,SSD,14,1920x1080,False,,Highly repairable with easily accessible internal components and modular design.,Lenovo Thinkpad T Series T470 (Intel Core i5 7th Gen 14 Inch),₹15999,ok
Lenovo ThinkPad L14 Gen 2 (AMD),Lenovo,2021,"AMD Ryzen 3 5400U, 5450U, 5 5600U, 5650U, 7 5850U",,,16,True,,512,SSD,14,,True,,"Business-oriented design with accessible internal components, typical of the ThinkPad L series.",Lenovo Thinkpad L Series L14 Gen 2a (AMD Ryzen 5000U Series 14 Inch),₹26499,ok
Lenovo ThinkPad T470,Lenovo,2017,Intel Core i5-6300U,2,,8,True,,256,SSD,14.0,1920x1080,False,,Known for high repairability with easily accessible internal components and modular design.,Lenovo Thinkpad T Series T470 W10DG (Intel Core i5 6th Gen 14 Inch),₹16199,ok
Lenovo ThinkPad X13 Gen 1,Lenovo,2020,Intel Core i5-10th Gen,,,,False,0,,SSD,13.3,,True,,RAM is soldered to the motherboard; storage is typically user-replaceable.,Lenovo Thinkpad X Series X13 Gen 1 (Intel Core i5 10th Gen 14 Inch),₹26999,ok
Lenovo ThinkPad E14 Gen 2,Lenovo,2020,Intel Core i5-1135G7,4,8,16,,,256,SSD,14.0,1920x1080,True,,"Business-oriented design, generally considered serviceable for standard component upgrades like SSD and RAM.",Lenovo Thinkpad E Series E14 Gen 2 (Intel Core i5 11th Gen 14 Inch),₹30299,ok
Lenovo IdeaPad 5 15IAL7,Lenovo,,Intel Core i7 12th Gen,,,16,,,,SSD,15.6,1920x1080,True,,,Lenovo IdeaPad 5 Series ideapad 5 15ial7 (Intel Core i5 12th Gen 15.6 Inch),₹35399,ok
Lenovo ThinkPad X13 Gen 1,Lenovo,2020,Intel Core i5-10th Gen,,,,False,0,,SSD,13.3,1920x1080,True,,RAM is soldered to the motherboard; storage is typically replaceable.,Lenovo Thinkpad X Series X13 Gen 1 (Intel Core i5 10th Gen 13.3 Inch),₹26999,ok
Lenovo ThinkPad X390 Yoga,Lenovo,,Intel Core i5-8250U / i7-8665U,,,,False,,,SSD,13.3,1920x1080,False,,RAM is soldered to the motherboard and not upgradable.,Lenovo Thinkpad X Series thinkpad x390 (Intel Core i5 8th Gen 13.3 Inch),₹19499,ok
Lenovo ThinkPad L14 Gen 2 (Intel),Lenovo,2021,11th Gen Intel Core i7,,,64,True,,2048,SSD/HDD,14,,True,,"ThinkPad L series generally features user-accessible RAM slots and storage bays, allowing for standard component upgrades.",Lenovo Thinkpad L Series Thinkpad L14 Gen 2 (Intel Core i7 11th Gen 14 Inch),₹35199,ok
Lenovo ThinkPad L14 Gen 1,Lenovo,,Intel Core i3 10th Gen,,,,,,,,14,,True,,,Lenovo Thinkpad L Series L14 Gen 1 Touch Screen (Intel Core i3 10th Gen 14 Inch),₹21999,ok
Lenovo V14 G4 IRU 83A0,Lenovo,,Intel Core i3-1315U,,,8,,,256,SSD,14,1920x1080,True,,,Lenovo Lenovo V Series V14 G4 IRU 1 (Intel Core i3 13th Gen 14 Inch),₹25999,ok
Lenovo ThinkBook 14 G2 ITL,Lenovo,,Intel Core i5-1135G7,4,8,8,True,,256,SSD,14,1920x1080,True,,Standard business laptop design with accessible internal components for RAM and storage upgrades.,Lenovo ThinkBook Series 14 G2 ITL UB (Intel Core i5 11th Gen 14 Inch),₹29499,ok
Lenovo Legion Slim 5 16IRH8,Lenovo,,Intel Core i7 13th Gen,,,32,,,,SSD,16,2560x1600,True,,,Lenovo Legion Slim 5 Series 16IRH8 (Intel Core i7 13th Gen 16 Inch),₹59999,ok
Lenovo Legion 5 15IMH6,Lenovo,,Intel Core i5-10500H,,,,True,,,SSD,15.6,1920x1080,False,,Standard gaming laptop chassis with accessible internal components for RAM and storage upgrades.,Lenovo Legion 5 Series 15IMH6 (Intel Core i5 10th Gen 15.6 Inch),₹27999,ok
Lenovo IdeaPad Flex 5 14ALC7,Lenovo,,AMD Ryzen 5 5500U,6,12,16,False,,,SSD,14,,True,,Refurbished units are tested and repaired with compatible parts by technicians.,Lenovo IdeaPad Flex 5 Series 14ALC7 Touch screen (AMD Ryzen5 5000U Series 14 Inch),₹36699,ok
Lenovo Thinkpad L380,Lenovo,,Intel Core i7 8th Gen,,,,,,,,13.3,,True,,,Lenovo Thinkpad L Series L380 Touch Screen (Intel Core i7 8th Gen 13.3 Inch),₹25399,ok
Lenovo ThinkPad T14 Gen 2,Lenovo,2021,Intel Core i5-1145G7,4,8,,,,,SSD,14.0,,True,,"ThinkPad T series generally features modular components and accessible internal parts, though specific upgradability depends on the soldered RAM configuration.",Lenovo Thinkpad T Series T14 Gen 2 (Intel Core i5 11th Gen 14 Inch),₹32299,ok
Lenovo IdeaPad 3 15IAU7,Lenovo,2022,Intel Core i7-1255U,10,12,,,,,SSD,15.6,1920x1080,True,,Standard IdeaPad construction; RAM is often partially soldered with one SO-DIMM slot available.,Lenovo IdeaPad 3 Series 15IAU7 (Intel Core i7 12th Gen 15.6 Inch),₹51999,ok
Lenovo ThinkPad P15 Gen 2i,Lenovo,,Intel Core i7-11850H,8,16,,True,,,SSD,15.6,,True,,Workstation-grade chassis designed for modularity and component accessibility.,Lenovo Thinkpad P Series P15 Gen 2i (Intel Core i7 11th Gen 15.6 Inch),₹37999,ok
Lenovo Yoga 7 14IRL8,Lenovo,,Intel Core i5 13th Gen,,,,False,,,SSD,14,2880x1800,True,,"Soldered RAM is common in this series, limiting upgradeability.",Lenovo Yoga 7 Series 14IRL8 Touch Screen (Intel Core i5 13th Gen 14 Inch),₹41699,ok
Lenovo Yoga 720-13IKB,Lenovo,,Intel Core i5-7200U,2,4,8,False,0,,,13.3,1920x1080,False,,"RAM is soldered to the motherboard, limiting upgradeability.",Lenovo Yoga 700 Series 720 13IKB (Intel Core i7 7th Gen 13.3 Inch),₹19999,ok
Lenovo ThinkPad L14 Gen 2,Lenovo,2021,Intel Core i7 11th Gen,,,,True,2,,SSD,14,,True,,Features two SO-DIMM slots for memory upgrades and an accessible M.2 SSD slot.,Lenovo Thinkpad L Series L14 Gen 2 (Intel Core i7 11th Gen 14 Inch),₹36299,ok
Lenovo ThinkPad E14 Gen 2,Lenovo,2020,Intel Core i7 11th Gen,,,,True,,,SSD,14,1920x1080,True,,Features a mix of soldered and SO-DIMM RAM slots; generally accessible internal components for maintenance.,Lenovo Thinkpad E Series lenovo e14 gen 2 (Intel Core i7 11th Gen 14 Inch),₹33999,ok
Lenovo IdeaPad Slim 3 15IRH8,Lenovo,,Intel Core i7-13620H,10,16,16,False,0,512,SSD,15.3,1920x1200,True,,"RAM is typically soldered on Slim series models, limiting upgradeability.",Lenovo IdeaPad Slim 3 Series 15IRH8 (Intel Core i7 13th Gen 15.6 Inch),₹49999,ok
Lenovo IdeaPad Slim 5 16IRL8,Lenovo,,Intel Core i7-13700H,,,16,False,,512,SSD,16,1920x1200,True,,"Military-grade durable design, but RAM is typically soldered in this series.",Lenovo ideapad Slim 5 Series 16IRL8 (Intel Core i5 13th Gen 16 Inch),₹43899,ok
Lenovo IdeaPad Slim 5 14IMH9,Lenovo,2024,Intel Core Ultra 5 125H,14,18,,False,0,,SSD,14.0,,True,,"Soldered RAM is common in the Slim 5 series, limiting memory upgrades.",Lenovo ideapad Slim 5 Series 14IMH9 (Intel Core Ultra 5 14 Inch),₹60799,ok
Lenovo IdeaPad Slim 3 14IRU8,Lenovo,,Intel Core i3-1305U,6,8,8,False,,512,SSD,14,1920x1080,True,,Slim design typically features soldered RAM and limited internal accessibility.,Lenovo IdeaPad Slim 3 Series 14IRU8 (Intel Core i3 13th Gen 14 Inch),₹28299,ok
Lenovo IdeaPad 3 15ALC6 (82KU),Lenovo,,AMD Ryzen 5 5500U,6,12,16,,,512,SSD,15.6,1920x1080,True,,Features a privacy shutter for the webcam; standard IdeaPad 3 chassis design.,Lenovo IdeaPad 3 Series 15ALC6 ub (AMD Ryzen5 5000U Series 15.6 Inch),₹25499,ok
Lenovo ThinkPad T14s Gen 2i,Lenovo,,Intel Core i5 11th Gen,4,,8,False,,512,SSD,14,1920x1080,True,,"T14s series typically features soldered RAM, limiting memory upgrades.",Lenovo Thinkpad T Series T14s gen 2i (Intel Core i5 11th Gen 14 Inch),₹28099,ok
Lenovo Legion Y540-15IRH-PG0,Lenovo,2019,Intel Core i7 9th Gen,6,,,True,,,,15.6,1920x1080,True,,3-cell battery noted as having lower capacity than comparable models,Lenovo Legion Y500 Series Y540-15IRH-PG0 (Intel Core i7 9th Gen 15.6 Inch),₹28299,ok
Lenovo IdeaPad 1 Series 15ALC7 (AMD Ryzen5 5000U Series 15.6 Inch),search_failed
Lenovo ThinkPad L14 Gen 1,Lenovo,2020,Intel Core i3-10110U,2,4,,True,2,,SSD,14.0,1920x1080,True,,"Highly repairable with easily accessible RAM slots and M.2 storage, typical of ThinkPad L-series design.",Lenovo Thinkpad L Series L14 GEN 1 (Intel Core i3 10th Gen 14 Inch),₹19499,ok
Lenovo ThinkPad L14 Gen 1,Lenovo,2020,Intel Core i3-10110U,2,4,,True,2,,SSD,14,1366x768,True,,Highly repairable with easily accessible RAM slots and M.2 storage.,Lenovo Lenovo Thinkpad L Series L14 GEN 1 (Intel Core i3 10th Gen 14 Inch),₹20899,ok
Lenovo ThinkPad T14 Gen 2 (Intel),Lenovo,2021,Intel Core i5-1145G7,4,8,,True,,,SSD,14,1920x1080,True,,"Features a modular design with accessible internal components, including a user-replaceable SSD and partially soldered RAM.",Lenovo Thinkpad T Series Thinkpad T14 Gen 2i (Intel Core i5 11th Gen 14 Inch),₹26999,ok
Lenovo LOQ 15IRH8,Lenovo,2023,Intel Core i5-12450H,8,12,16,True,,512,SSD,15.6,1920x1080,True,,Standard gaming laptop chassis with accessible internal components for RAM and storage upgrades.,Lenovo Lenovo LOQ Series 15IRH8 (Intel Core i5 12th Gen 15.6 Inch),₹33999,ok
Lenovo ThinkPad E495,Lenovo,2019,AMD Ryzen 5 3500U,4,8,8,True,2,1000,HDD/SSD,14,1920x1080,False,,"High repairability with accessible internal components, dual drive support, and user-replaceable RAM.",Lenovo Thinkpad E Series E495 (AMD Ryzen5 3000U Series 14 Inch),₹18999,ok
Lenovo IdeaPad Slim 5 14IAH8,Lenovo,,Intel Core i5-12450H,,,16,False,,1024,SSD,14,1920x1200,True,,LPDDR5 RAM is soldered to the motherboard and not user-upgradable.,Lenovo ideapad Slim 5 Series 14IAH8 (Intel Core i5 12th Gen 14 Inch),₹32999,ok
Lenovo IdeaPad Slim 3i 15IAU7,Lenovo,,Intel Core i3-1215U,6,8,8,,,512,SSD,15.6,1920x1080,True,,"Standard slim laptop chassis, internal components typically soldered or integrated",Lenovo IdeaPad Slim 3i Series 15IAU7 (Intel Core i3 15.6 Inch),₹23999,ok
Lenovo Thinkpad T14 Gen 1,Lenovo,,Intel Core i5 10th Gen,,,,,,,SSD,14,,False,,"ThinkPad T series generally features modular components and accessible internals, though specific upgradability varies by configuration.",Lenovo Thinkpad T Series T14 Gen 1 Touch screen (Intel Core i5 10th Gen 14 Inch),₹28999,ok
Lenovo ThinkPad L490,Lenovo,,Intel Core i5-8265U,4,8,8,True,2,256,SSD,14,1920x1080,False,,MIL-SPEC tested design with accessible internal components typical of the ThinkPad L series.,Lenovo Thinkpad L Series L490 (Intel Core i5 8th Gen 14 Inch),₹19499,ok
Lenovo V14-IIL,Lenovo,2020,Intel Core i3-1005G1,2,4,4GB or 8GB,True,,256GB or 1000GB,SSD/HDD,14,1920x1080,True,52990,"Standard thin and light laptop construction, RAM is partially upgradable depending on configuration.",Lenovo Lenovo V Series Lenovo V14-IIL (Intel Core i3 10th Gen 14 Inch),₹19999,ok
Lenovo Thinkpad E14,Lenovo,,Intel Core i5 10th Gen,,,,,,,SSD,14,,True,,,Lenovo Thinkpad E Series E14 (Intel Core i5 10th Gen 14 Inch),₹24999,ok
Lenovo LOQ 15IAX9,Lenovo,2024,Intel Core i5-12450HX,8,12,,True,2,,SSD,15.6,1920x1080,True,,Standard gaming laptop chassis with accessible RAM and M.2 SSD slots for upgrades.,Lenovo Lenovo LOQ Series 15IAX9 (Intel Core i5 12th Gen 15.6 Inch),₹36499,ok
Lenovo ThinkPad L480,Lenovo,2018,Intel Core i5-8250U / i5-8350U,4,8,,True,2,,SSD,14.0,1920x1080,True,,Generally considered user-friendly for maintenance with accessible RAM slots and storage bay.,Lenovo Thinkpad L Series L480 (Intel Core i5 8th Gen 14 Inch),₹15499,ok
Lenovo Yoga Book 9 13IRU8,Lenovo,2023,Intel Core i7-1355U,10,,16,False,,1024,SSD,13.3,2880x1800,True,,"Dual-screen hybrid design, RAM is soldered (LPDDR5x), limited internal accessibility.",Lenovo Yoga 9 Series 13IRU8 Touch Screen (Intel Core i7 13th Gen 13.3 Inch),₹44999,ok
Lenovo ThinkPad T14 Gen 2,Lenovo,2021,Intel Core i7-1185G7,4,8,32,True,1,512,SSD,14,1920x1080,True,,"Highly repairable, features MIL-SPEC durability and accessible internal components.",Lenovo Thinkpad T Series Thinkpad T14 Gen 2i (Intel Core i7 11th Gen 14 Inch),₹34999,ok
Lenovo ThinkPad T490,Lenovo,2019,Intel Core i5-8th Gen / i7-8665U,4,,16,True,1,512,SSD,14,1920x1080,True,,Features a mix of soldered RAM and one SO-DIMM slot; generally considered serviceable for business-class laptops.,Lenovo Thinkpad T Series thinkpad T490 (Intel Core i5 8th Gen 14 Inch),₹19999,ok
Lenovo ThinkPad E480,Lenovo,,,,,,,,,,14,1920x1080,,,,Lenovo Thinkpad E Series E480 (Intel Core i3 8th Gen 14 Inch),₹12999,ok
Lenovo ThinkPad T470,Lenovo,2017,Intel Core i5-7300U / i5-7200U,2,4,8,True,2,256,SSD,14,1920x1080,False,,Known for high repairability with easily accessible internal components and modular design.,Lenovo Thinkpad T Series T470 Touch Screen (Intel Core i5 7th Gen 14 Inch),₹17499,ok
Lenovo ThinkPad L14 Gen 2,Lenovo,2021,Intel Core i7 11th Gen,,,16,True,2,256,SSD,14,1920x1080,True,,Business-class design with accessible internal components and two SO-DIMM slots for memory upgrades.,Lenovo Thinkpad L Series L14 Gen 2 Touch Screen (Intel Core i7 11th Gen 14 Inch),₹33999,ok
Lenovo Yoga 7 14IRL8,Lenovo,,Intel Core i7-1360P,,,16,False,,1000,SSD,14,1920x1200,True,,Soldered RAM is not user-upgradable; convertible 360-degree hinge design requires careful handling.,Lenovo Yoga 7 Series 14IRL8 Touch Screen (Intel Core i7 13th Gen 14 Inch),₹49999,ok
Lenovo IdeaPad 3 14IAU7,Lenovo,,Intel Core i3-1215U,6,8,,,,,,14,1920x1080,True,,,Lenovo IdeaPad 3 Series 14IAU7 (Intel Core i5 12th Gen 14 Inch),₹32999,ok
Lenovo IdeaPad 5 Pro Series 16IMH9,Lenovo,,Intel Core Ultra 7 155H,16,,16,False,0,512,SSD,16,,True,,RAM is soldered and not upgradable.,Lenovo IdeaPad 5 Pro Series 16IMH9 (ULTRA 7 16 Inch),₹99999,ok
Lenovo IdeaPad 3 15ITL6,Lenovo,,Intel Core i7 11th Gen,,,,,,,SSD,15.6,1920x1080,True,,"Standard IdeaPad chassis, typically features soldered RAM with one SO-DIMM slot and one M.2 SSD slot.",Lenovo IdeaPad 3 Series 15ITL6 (Intel Core i7 11th Gen 15.6 Inch),₹39999,ok
Lenovo IdeaPad 5 2-in-1 14IRH9,Lenovo,,Intel Core (8-core),8,,16,,,512,SSD,14,,True,,Aluminium top and PC-ABS bottom construction,Lenovo IdeaPad 5 Series ideapd 5 2-in-1 14irh9 1 Touch screen (Intel Core i7 13th Gen 14 Inch),₹63599,ok
Lenovo IdeaPad Slim 3 15IRH8,Lenovo,2023,Intel Core i5-13420H or i7-13620H,8,,8GB or 16GB,False,0,512GB or 1TB,SSD,15.6,1920x1080,True,,RAM is soldered to the motherboard and not upgradable.,Lenovo IdeaPad Slim 3 Series 15IRH8 (Intel Core i5 13th Gen 15.6 Inch),₹49999,ok
Lenovo V14 G4 ABP,Lenovo,,AMD Ryzen 5 7430U,6,12,,,,,SSD,14,,True,,MIL-STD-810H tested durability,Lenovo Lenovo V Series V14 g4 ABP (AMD Ryzen5 7000U Series 14 Inch),₹29999,ok
Lenovo V14 G3 IAP (82TS),Lenovo,,Intel Core i5-1235U,,,8,,,256,SSD,14,1920x1080,True,,,Lenovo Lenovo V Series V14 G3 IAP 1 (Intel Core i5 12th Gen 14 Inch),₹33999,ok
Lenovo Legion 7 16IAX7,Lenovo,,Intel Core i9-12900HX,16,,,,,,SSD,16,,True,,,Lenovo Legion 7 Series 16IAX7 (Intel Core i9 12th Gen 15.6 Inch),₹49999,ok
Lenovo IdeaPad S145-14AST,Lenovo,,AMD A4 9th Gen,,,,,,,,14,,False,,Supports SSD and HDD installation; accessible for thermal paste replacement.,Lenovo IdeaPad S Series S145-14AST (AMD A4 9th Gen 14 Inch),₹13999,ok
Lenovo IdeaPad Slim 3 15ABR8,Lenovo,2023,AMD Ryzen 7 7730U,8,16,16,False,0,1000,SSD,15.6,1920x1080,True,,"RAM is typically soldered to the motherboard, limiting upgradeability.",Lenovo IdeaPad Slim 3 Series 15abr8 (AMD Ryzen7 7000U Series 15.6 Inch),₹29999,ok
Lenovo ThinkPad T470p,Lenovo,,Intel Core i7-7820HQ,,,16,True,,512,SSD,14,1920x1080,False,,Military-grade durability testing; ThinkPad T-series generally features modular components and accessible internals.,Lenovo Thinkpad T Series T470p (Intel Core i7 7th Gen 14 Inch),₹22999,ok
Lenovo Legion 5 15ARH05,Lenovo,2020,AMD Ryzen 5 4600H,6,12,8,True,2,512,SSD,15.6,1920x1080,True,,Generally accessible internals with two SO-DIMM slots and M.2 storage support.,Lenovo Legion 5 Series 15ARH05 (AMD Ryzen5 4000H Series 15.6 Inch),₹28999,ok
Lenovo ThinkPad L14 Gen 2 (Intel),Lenovo,2021,Intel Core i5-10210U / i5-1135G7,,,16,True,,512,SSD,14,1920x1080,True,,ThinkPad L series generally offers good serviceability with accessible internal components for RAM and storage upgrades.,Lenovo Thinkpad L Series L14 Gen 2 (Intel Core i5 10th Gen 14 Inch),₹25999,ok
Lenovo Yoga Slim 6i 14IRP8,Lenovo,,Intel Core i5-1340P,,,16,False,,,SSD,14,,True,,"RAM is typically soldered on the Yoga Slim series, limiting upgradeability.",Lenovo Yoga Slim 6i Series 14IRP8 (Intel Core i5 13th Gen 14 Inch),₹57699,ok
Lenovo ThinkPad T490,Lenovo,2019,Intel Core i7-8565U,4,8,8,True,1,512,SSD,14,1920x1080,True,,"Features a modular design with one soldered RAM slot and one SO-DIMM slot, allowing for memory upgrades.",Lenovo Thinkpad T Series thinkpad T490 (Intel Core i7 8th Gen 14 Inch),₹21999,ok
Lenovo ThinkPad X270,Lenovo,2017,Intel Core i5-7300U,2,4,,True,1,,SSD,12.5,,False,,High repairability with easily accessible internal components and modular design.,Lenovo Thinkpad X Series X270 (Intel Core i7 7th Gen 12.5 Inch),₹22999,ok
Lenovo Yoga Slim 7 Pro 14IAP7,Lenovo,,Intel Core i7-1260P,12,,,False,,,SSD,14,,True,,"Soldered RAM is common in the Slim series, limiting upgradeability.",Lenovo Yoga Slim 7 Pro Series 14IAP7 (Intel Core i7 12th Gen 14 Inch),₹59999,ok
Lenovo IdeaPad Slim 5 14ABR8,Lenovo,2023,AMD Ryzen 5 7530U,6,12,16,False,0,512,SSD,14,1920x1200,True,,RAM is soldered to the motherboard and not user-upgradable.,Lenovo ideapad Slim 5 Series 14ABR8 (AMD Ryzen5 7000U Series 14 Inch),₹26999,ok
Lenovo ThinkPad T490,Lenovo,2019,,,,,,,,,14,,True,,"ThinkPad T series generally features modular components, though specific T490 models may have soldered RAM.",Lenovo Thinkpad T Series thinkpad T490 (Amd Ryzen5 Pro 3000U Series 14 Inch),₹24999,ok
Lenovo Thinkpad E14 Gen 2,Lenovo,2020,Intel Core i3-1115G4,2,4,,True,1,,SSD,14.0,1920x1080,True,,"Features a mix of soldered RAM and one SO-DIMM slot, allowing for memory expansion.",Lenovo Thinkpad E Series E14 (Intel Core i3 11th Gen 14 Inch),₹20999,ok
Lenovo IdeaPad 3 15ADA05,Lenovo,,AMD Ryzen 3 3250U / Ryzen 5 3500U / Ryzen 7 3700U,,,8,True,,512,SSD,15.6,1920x1080,True,44550,Standard consumer laptop design; RAM is partially upgradable depending on configuration.,Lenovo IdeaPad 3 Series 15ADA05 Ua (AMD Ryzen3 3000U Series 15.6 Inch),₹24999,ok
Lenovo V15 G4 AMN,Lenovo,,AMD Ryzen 5 7520U,4,,8,False,0,512,SSD,15.6,1920x1080,True,,"Memory is soldered to the motherboard, limiting upgradeability.",Lenovo Lenovo V Series V15 G4 AMN (AMD Ryzen5 7000U Series 15.6 Inch),₹25999,ok
Lenovo IdeaPad 5 14ITL05,Lenovo,,Intel Core i5-1135G7,4,8,16,False,0,512,SSD,14,1920x1080,True,89990,"RAM is soldered to the motherboard, limiting memory upgrades.",Lenovo IdeaPad 5 Series 14ITL05 (Intel Core i5 11th Gen 14 Inch),₹26799,ok
Lenovo IdeaPad Slim 5 16IAH8,Lenovo,,Intel Core i5-12450H,,,16,False,,512,SSD,16,1920x1200,True,89990,"LPDDR5 RAM is typically soldered to the motherboard, limiting upgradeability.",Lenovo ideapad Slim 5 Series 16IAH8 (Intel Core i5 12th Gen 16 Inch),₹34999,ok
Lenovo IdeaPad 3 15ITL6,Lenovo,,Intel Core i5-1135G7,4,8,,,,,SSD,15.6,1920x1080,True,,Standard IdeaPad chassis; RAM is often partially soldered with one SO-DIMM slot depending on specific sub-model.,Lenovo IdeaPad 3 Series 15ITL6 (Intel Core i5 11th Gen 15.6 Inch),₹29199,ok
Lenovo V15-IIL 82C500L1US,Lenovo,,Intel Core i5-1035G1,4,8,16,,,500,SSD,15.6,1920x1080,True,,"Standard V-series chassis, generally accessible for basic component upgrades like RAM and storage.",Lenovo Lenovo V Series V15-IIL (Intel Core i5 10th Gen 15.6 Inch),₹29999,ok
Lenovo IdeaPad Flex 5 14IAU7,Lenovo,,Intel Core i5 12th Gen,,,16,False,,,SSD,14,,True,,"Soldered RAM is common in this series, limiting upgradeability.",Lenovo IdeaPad Flex 5 Series 14IAU7 Touch screen (Intel Core i5 12th Gen 14 Inch),₹34999,ok
Lenovo ThinkPad T490,Lenovo,2019,Intel Core i7-8665U,4,8,16,True,1,256,SSD,14.0,1920x1080,True,,"Features a modular design with an accessible internal M.2 SSD slot and one SO-DIMM slot for RAM upgrades, though some RAM is soldered to the motherboard.",Lenovo Thinkpad T Series T490 (Touch Screen) (Intel Core i7 8th Gen 14 Inch),₹23999,ok
Lenovo IdeaPad 5 Pro 14ITL6,Lenovo,,Intel Core i7-1165G7,4,8,16,False,,512,SSD,14,2240x1400,True,67990,Thin and light design typically features soldered RAM and limited internal accessibility.,Lenovo IdeaPad 5 Pro Series 14ITL6 (Intel Core i7 11th Gen 14 Inch),₹39999,ok
Lenovo V330-14ARR,Lenovo,,AMD Ryzen 5 2500U,4,8,8,,,256,SSD,14,,False,,"Refurbished unit, standard laptop chassis design.",Lenovo Lenovo V Series V330-14ARR (AMD Ryzen 3 2000U SERIES 14 Inch),₹19999,ok
Lenovo Yoga C940-14IIL,Lenovo,2019,Intel Core i7-1065G7,4,8,16,False,0,1000,SSD,14,3840x2160,True,,RAM is soldered to the motherboard and not upgradable; SSD is typically replaceable.,Lenovo Yoga 900 Series s940-14IIL (Intel Core i7 10th Gen 14 Inch),₹35999,ok
Lenovo IdeaPad 1 15ALC7,Lenovo,,AMD Ryzen 5 5500U,6,,,,,,SSD,15.6,,True,,,Lenovo IdeaPad 1 Series 15ALC7 (AMD Ryzen5 5000U Series 15.6 Inch),₹30999,ok
Lenovo ThinkPad X390,Lenovo,2019,Intel Core i7-8565U / i7-8665U,4,8,8GB or 16GB,False,0,256GB or 512GB,SSD,13.3,1920x1080,False,,RAM is soldered to the motherboard and not upgradable; SSD is replaceable.,Lenovo Thinkpad X Series X390 Touch Screen (Intel Core i7 8th Gen 13.3 Inch),₹23999,ok
Lenovo IdeaPad 1 15ADA7,Lenovo,,AMD Ryzen 3 3250U,,,8,,,128,SSD,15.6,1920x1080,True,,,Lenovo IdeaPad 1 Series 15ADA7 (AMD Ryzen 3 3rd Gen 15.6 Inch),₹19999,ok
Lenovo IdeaPad 1 15IGL7,Lenovo,,Intel Celeron N4020,2,2,8,False,0,512,SSD,15.6,1920x1080,True,,"Budget-friendly design with soldered RAM, limiting upgradeability.",Lenovo IdeaPad 1 Series 15IGL7 (Intel Celeron N4020 15.6 Inch),₹12999,ok
Lenovo K14 G2 IRU,Lenovo,,Intel Core i5 13th Gen,,,,,,,,14,,True,,,Lenovo Lenovo K Series K14 G2 IRU 3 (Intel Core i5 13th Gen 14 Inch),₹54999,ok
Lenovo V15 G4 ABP,Lenovo,,AMD Ryzen 7 7730U,,,,True,1,,SSD/HDD,15.6,1920x1080,True,,Features one soldered RAM slot and one SODIMM slot for upgrades; supports dual drive configuration (2.5 inch HDD and M.2 SSD).,Lenovo Lenovo V Series V15 G4 ABP (AMD Ryzen7 7000U Series 15.6 Inch),₹32999,ok
Lenovo IdeaPad 330S-14IKB,Lenovo,,Intel Core i5-8250U,4,8,8,True,,512,SSD,14,1920x1080,False,,"Back cover is removable for component access, RAM and storage are accessible.",Lenovo IdeaPad 300 Series 330S-14IKB (Intel Core i5 8th Gen 14 Inch),₹19999,ok
Lenovo V15 G3 IAP,Lenovo,,Intel Core i5-1235U,,,,,,,SSD,15.6,1920x1080,True,,,Lenovo Lenovo V Series V15 G3 IAP 1 (Intel Core i7 12th Gen 15.6 Inch),₹41999,ok
Lenovo IdeaPad 5 15ALC05,Lenovo,,AMD Ryzen 5 5500U,6,12,,False,,,SSD,15.6,1920x1080,True,,"RAM is typically soldered to the motherboard, limiting upgradeability.",Lenovo IdeaPad 5 Series 15ALC05 (AMD Ryzen5 5000U Series 15.6 Inch),₹26999,ok
Lenovo IdeaPad S145-14AST,Lenovo,2018,AMD A6-9225,2,2,4,True,,1000,HDD,14,1366x768,False,,"Thin and light design with accessible internal components, though specific modularity varies by configuration.",Lenovo IdeaPad S Series S145-14AST (Amd-A6-9225 14 Inch),₹22999,ok
Lenovo IdeaPad 530S-14IKB,Lenovo,,Intel Core i7 8th Gen,,,,,,,,14.0,,False,,,Lenovo IdeaPad 500 Series 530S-14IKB (Intel Core i7 8th Gen 14 Inch),₹20999,ok
Lenovo Yoga 6 13ALC7,Lenovo,,AMD Ryzen 7 5700U,8,16,16,False,,,SSD,13.3,,True,,"Soldered RAM is common in this series, limiting upgradeability.",Lenovo Yoga 6 Series 13ALC7 Touch Screen (AMD Ryzen7 5000U Series 13.3 Inch),₹34999,ok
Lenovo E Series E41-55,Lenovo,,AMD Athlon Silver 3050U,,,,,,,,14,,,,,Lenovo Lenovo E Series E41-55 (AMD Ryzen3 3000U Series 14 Inch),₹22999,ok
Lenovo IdeaPad Gaming 3 15IMH05,Lenovo,2020,Intel Core i5-10300H,4,8,8,True,2,1256,SSD/HDD,15.6,1920x1080,False,,Standard gaming laptop chassis with accessible RAM and storage slots for upgrades.,Lenovo IdeaPad Gaming Series Ideapad gaming 3 15IMH05 (Intel Core i5 10th Gen 15.6 Inch),₹25999,ok
Lenovo V15 G3 IAP,Lenovo,,Intel Core i3-1215U,,,8,,,512,SSD,15.6,,True,,,Lenovo Lenovo V Series Lenovo V15 G3 IAP (Intel Core i3 12th Gen 15.6 Inch),₹24999,ok
Lenovo IdeaPad S340-14IWL,Lenovo,,Intel Core i5-8265U,,,,,,128,SSD,14,,False,,Commonly listed as a top repaired model,Lenovo IdeaPad S Series S340-14IWL (Intel Core i5 8th Gen 14 Inch),₹19999,ok
Lenovo V14 G2,Lenovo,,Intel Core i3 11th Gen,,,,True,,,SSD,14,,True,,RAM and SSD upgrade options are available,Lenovo Lenovo V Series V14 G2 (Intel Core i3 11th Gen 14 Inch),₹22999,ok
Lenovo ThinkPad E14 Gen 3,Lenovo,,AMD Ryzen 7 5700U,8,16,16,,,1000,SSD,14,1920x1080,True,,"ThinkPad E series generally features accessible internal components, though specific upgradeability varies by configuration.",Lenovo Thinkpad E Series E14 Gen 3 (AMD Ryzen 7 5th Gen 14 Inch),₹27999,ok
Lenovo IdeaPad 130-15AST,Lenovo,2018,AMD A4-9125,,,4,True,1,1000,HDD,15.6,1366x768,False,,Hardware Maintenance Manual available; features one SO-DIMM socket for memory upgrades.,Lenovo IdeaPad 100 Series 130-15AST (AMD A4 9th Gen 15.6 Inch),₹15999,ok
Lenovo Ideapad 320-15ISK (80XH01JFIN),Lenovo,,Intel Core i3 6th Gen,,,4,,,1000,HDD,15.6,1920x1080,False,,,Lenovo IdeaPad 300 Series 320-15ISK (Intel Core i3 6th Gen 15.6 Inch),₹12999,ok
Lenovo ThinkPad T14s Gen 2,Lenovo,2021,Intel Core i7-1185G7,4,8,32,False,0,512,SSD,14,1920x1080,True,,RAM is soldered to the motherboard and not upgradeable.,Lenovo Thinkpad T Series T14s gen 2i (Intel Core i7 11th Gen 14 Inch),₹36999,ok
Lenovo Yoga 910-13IKB,Lenovo,,Intel Core i7 7th Gen,,,,False,,,SSD,13.3,3840x2160,False,,Soldered RAM and thin chassis design make internal upgrades and repairs difficult.,Lenovo Yoga 900 Series 910-13IKB (Touch Screen) (Intel Core i7 7th Gen 13.3 Inch),₹19999,ok
Lenovo IdeaPad Flex 5 14ARE05,Lenovo,,AMD Ryzen 5 4500U,6,6,,False,0,512,SSD,14,,True,47490,RAM is soldered to the motherboard and not upgradable.,Lenovo IdeaPad Flex 5 Series 14ARE05 Touch screen (AMD Ryzen5 4000U Series 14 Inch),₹27999,ok
Lenovo Legion 5 15ACH6H,Lenovo,2021,AMD Ryzen 7 5800H or AMD Ryzen 5 5600H,8,16,16,True,2,1024,SSD,15.6,2560x1440,True,,"Features SO-DIMM slots for RAM and M.2 slots for storage, allowing for user upgrades.",Lenovo Legion 5 Series 15ACH6H (AMD Ryzen7 5000H Series 15.6 Inch),₹29999,ok
Lenovo IdeaPad 5 15IIL05,Lenovo,,Intel Core i5-1035G1,4,8,8,False,,1000,HDD,15.6,1920x1080,False,,"RAM is typically soldered on this model, limiting upgradeability.",Lenovo IdeaPad 5 Series 15IIL05 (Intel Core i5 10th Gen 15.6 Inch),₹26999,ok
Lenovo V15 G2 ALC,Lenovo,,AMD Ryzen 5 5500U,,,,True,,,SSD/HDD,15.6,,True,,Features hybrid storage options and accessible memory slots for upgrades.,Lenovo Lenovo V Series V15 G2 ALC Ua (AMD Ryzen5 5000U Series 15.6 Inch),₹27999,ok
Lenovo ThinkPad L490,Lenovo,2019,Intel Core i3/i5/i7 8th Gen,,,,True,2,,SSD,14,1920x1080,True,,High repairability with accessible internal components and modular RAM slots.,Lenovo Thinkpad L Series L490 (Intel Core i3 8th Gen 14 Inch),₹15999,ok
Lenovo IdeaPad Flex 5 14IIL05,Lenovo,,Intel Core i3-1005G1,,,4,False,,256,SSD,14,1920x1080,False,,"Soldered RAM is common in this series, limiting memory upgrades.",Lenovo IdeaPad Flex 5 Series 14IIL05 Touch Screen (Intel Core i3 10th Gen 14 Inch),₹20999,ok
Lenovo IdeaPad 320-15IKB,Lenovo,,Intel Core i7-7500U,,,,,,1000,HDD,15.6,,False,,"Standard consumer laptop design, typically allows access to RAM and storage via bottom panel removal.",Lenovo IdeaPad 300 Series IDEAPAD 320-15IKB (Intel Core i7 7th Gen 15.6 Inch),₹23999,ok
Lenovo IdeaPad Gaming 3 15IAH7,Lenovo,,Intel Core i5-12500H,,,8,True,,512,SSD,15.6,1920x1080,True,,Standard gaming laptop chassis with accessible internal components for RAM and storage upgrades.,Lenovo IdeaPad Gaming Series 3 15IAH7 (Intel Core i5 12th Gen 15.6 Inch),₹34999,ok
Lenovo ThinkPad T590,Lenovo,2019,Intel Core i7-8565U,4,8,8,True,1,256,SSD,15.6,1920x1080,False,,"Features a modular design with one soldered RAM slot and one SO-DIMM slot, allowing for memory upgrades.",Lenovo Thinkpad T Series T590 Touch Screen (Intel Core i7 8th Gen 15.6 Inch),₹25999,ok
Lenovo V310-14IKB,Lenovo,,Intel Core i3 7th Gen,,,,,,,,14,,False,,"Standard business laptop design, typically allows access to RAM and storage via bottom panel removal.",Lenovo Lenovo V Series V310-14IKB (Intel Core i3 7th Gen 14 Inch),₹11999,ok
Lenovo IdeaPad 330-15IKB,Lenovo,,Intel Core i5-8250U,4,8,8,True,1,1000,HDD,15.6,1366x768,False,,Standard consumer laptop design with accessible internal components for RAM and storage upgrades.,Lenovo IdeaPad 300 Series 330-15IKB (Intel Core i5 8th Gen 15.6 Inch),₹18999,ok
Lenovo IdeaPad 1 14IGL7,Lenovo,,Intel Celeron N4020,2,2,,False,0,256,SSD,14,1920x1080,True,,RAM is soldered to the motherboard and not upgradable.,Lenovo IdeaPad 1 Series 14IGL7 (Intel Celeron N4020 14 Inch),₹13999,ok
Lenovo Yoga 6 13ALC7,Lenovo,2022,AMD Ryzen 5 5500U / AMD Ryzen 7 5700U,,,8GB or 16GB,False,0,512GB or 1TB,SSD,13.3,1920x1200,True,,RAM is soldered to the motherboard and not user-upgradable.,Lenovo Yoga 6 Series 13ALC7 Touch Screen (AMD Ryzen 5 5th Gen 13.3 Inch),₹26999,ok
Lenovo IdeaPad 3 15ADA05,Lenovo,,AMD Ryzen 5 3500U,4,8,,,,,SSD,15.6,1920x1080,False,,Standard budget laptop construction; RAM and storage accessibility varies by specific sub-model configuration.,Lenovo IdeaPad 3 Series 15ADA05 (AMD Ryzen 5 3500U Series 15.6 Inch),₹27999,ok
Lenovo IdeaPad Slim 5 14IRL8,Lenovo,2023,Intel Core i5-1340P / i5-13420H,,,16,False,,512,SSD,14,1920x1200,True,,"LPDDR5 RAM is soldered to the motherboard, limiting memory upgrades.",Lenovo ideapad Slim 5 Series 14IRL8 (Intel Core i5 13th Gen 14 Inch),₹52999,ok
Lenovo V14 G3 IAP,Lenovo,,Intel Core i5-1235U,10,12,8,,,256,SSD,14,1920x1080,True,,,Lenovo Lenovo V Series V14 G3 IAP (Intel Core i5 12th Gen 14 Inch),₹34999,ok
Lenovo IdeaPad 530S-14IKB,Lenovo,,Intel Core i5 8th Gen,,,8,False,0,1000,HDD,14,1920x1080,False,,"Soldered RAM is common in the 530S series, limiting upgradeability.",Lenovo IdeaPad 500 Series 530S-14IKB (Intel Core i5 8th Gen 14 Inch),₹19999,ok
Lenovo IdeaPad S145-15IKB,Lenovo,,Intel Core i3-8130U,2,4,,True,1,,SSD/HDD,15.6,1920x1080,False,,Features a mix of soldered and slot-based RAM; storage is accessible for upgrades.,Lenovo IdeaPad S Series s145-15IKB (Intel Core i3 8th Gen 15.6 Inch),₹14999,ok
Lenovo IdeaPad 510S-14IKB,Lenovo,,Intel Core i5 7th Gen,,,,,,,,14,,False,,,Lenovo IdeaPad 500 Series 510S-14IKB (Intel Core i5 7th Gen 14 Inch),₹15999,ok
Lenovo IdeaPad Flex 5 14ITL05,Lenovo,,Intel Core i7-1165G7,4,,12,False,,512,SSD,14,1920x1080,True,,RAM is soldered to the motherboard and not upgradable.,Lenovo IdeaPad Flex 5 Series 14ITL05 TOUCH SCREEN (Intel Core i7 11th Gen 14 Inch),₹37399,ok
Lenovo IdeaPad 3 14ITL6,Lenovo,,Intel Core i5-1135G7,,,8,,,512,SSD,14,,True,,,Lenovo IdeaPad 3 Series ideapad 3 14ITL6 (Intel Core i5 11th Gen 14 Inch),₹26099,ok
Lenovo IdeaPad 510-15IKB,Lenovo,2016,Intel Core i5-7200U,2,4,,True,,,,15.6,1920x1080,False,66990,Standard laptop chassis with accessible internal components for RAM and storage upgrades.,Lenovo IdeaPad 500 Series 510-15IKB (Intel Core i5 7th Gen 15.6 Inch),₹15999,ok
Lenovo IdeaPad 330-15ARR,Lenovo,2018,AMD Ryzen 5 2500U,4,8,,True,,,SSD/HDD,15.6,1920x1080,False,,Standard consumer laptop design; RAM is partially soldered on some configurations with one available SO-DIMM slot.,Lenovo IdeaPad 300 Series 330-15ARR (AMD Ryzen 5 2500U 15.6 Inch),₹17999,ok
Lenovo IdeaPad 320-15IKB,Lenovo,,Intel Core i5-7200U,2,4,,,,,,15.6,,False,,"Poor thermal design with heat sink venting towards the screen hinge, leading to motherboard overheating.",Lenovo IdeaPad 300 Series 320-15IKB (Intel Core i5 7th Gen 15.6 Inch),₹19999,ok
Lenovo IdeaPad Flex 5 14ALC7,Lenovo,,AMD Ryzen 5 5500U,6,12,16,False,,,,14,,True,,"Soldered RAM is common in this series, limiting memory upgrades.",Lenovo IdeaPad Flex 5 Series 14ALC7 Touch screen (AMD Ryzen7 5000U Series 14 Inch),₹33999,ok
Lenovo IdeaPad 5 Pro 16ACH6,Lenovo,,AMD Ryzen 7 5800H or AMD Ryzen 5 5600H,8,,16,False,,1024,SSD,16,2560x1600,True,,RAM is soldered to the motherboard and not user-upgradable.,Lenovo IdeaPad 5 Pro Series 16ACH6 (AMD Ryzen7 5000H Series 15.6 Inch),₹33999,ok
Lenovo Legion Y530-15ICH,Lenovo,2018,Intel Core i5-8300H,4,8,,True,2,,SSD,15.6,1920x1080,False,,Features a relatively accessible design with a bottom panel that can be removed for component upgrades like RAM and storage.,Lenovo Legion Y500 Series Y530 15ICH (Intel Core i5 8th Gen 15.6 Inch),₹18999,ok
Lenovo IdeaPad Slim 3 15AMN8,Lenovo,,AMD Ryzen 5 7520U,,,8GB or 16GB,False,,512,SSD,15.6,1920x1080,True,,"LPDDR5 RAM is typically soldered to the motherboard, limiting upgradeability.",Lenovo IdeaPad Slim 3 Series 15AMN8 (AMD Ryzen5 7000U Series 15.6 Inch),₹29999,ok
Lenovo IdeaPad S540-14IML,Lenovo,,Intel Core i5 10th Gen,,,,,,,,14,,True,,,Lenovo IdeaPad S Series S540-14IML (Intel Core i5 10th Gen 14 Inch),₹25999,ok
Lenovo V15-ADA (82C7),Lenovo,,AMD Athlon Silver 3050U,2,2,4,,,1000,HDD,15.6,1366x768,True,,"Standard budget laptop chassis, components like RAM and storage are generally accessible but may require disassembly.",Lenovo Lenovo V Series V15-ADA (Amd Athlon Silver 15.6 Inch),₹10999,ok
Lenovo Yoga 7 2-in-1 14IML9,Lenovo,,Intel Core Ultra 7 155H,,,,,,512,SSD,14,1920x1200,True,,Metal chassis construction provides good stability,Lenovo Yoga 7 2-in-1 series 14IML9 Touch screen (Intel Core Ultra 5 14 Inch),₹59999,ok
Lenovo IdeaPad S145-15API,Lenovo,2019,AMD Ryzen 3 3200U,2,4,8,,,256,SSD,15.6,1920x1080,False,,"Standard budget laptop construction; internal components are accessible by removing the bottom panel, but some components may be soldered.",Lenovo IdeaPad S Series S145-15API (AMD Ryzen3 3000U Series 15.6 Inch),₹23999,ok
Lenovo IdeaPad Slim 1 14-ast-05,Lenovo,,AMD A6-9220e,2,2,,,,,,14.0,1366x768,False,,"Refurbished unit, standard slim chassis design",Lenovo IdeaPad Slim 1 Series 14-ast-05 (AMD A6-9220e REDEON R4 14 Inch),₹10999,ok
Lenovo IdeaPad 3 15ITL05,Lenovo,2021,Intel Core i5-1135G7,4,8,12,True,1,512,SSD,15.6,1920x1080,True,,Basic office laptop design with accessible internal components for RAM and storage upgrades.,Lenovo IdeaPad 3 Series 3 15ITL05 (Intel Core i5 11th Gen 15.6 Inch),₹25599,ok
Lenovo IdeaPad 3 15IML05,Lenovo,,Intel Core i3 10th Gen,,,,,,,,15.6,,False,,"Budget-friendly design, typical of IdeaPad 3 series, often features soldered RAM and limited internal access.",Lenovo IdeaPad 3 Series 15IML05 U (Intel Core i3 10th Gen 15.6 Inch),₹19999,ok
Lenovo IdeaPad 5 14ITL05,Lenovo,,Intel Core i5-1135G7,4,,16,,,,,14,1920x1080,True,,Standard thin-and-light laptop construction; RAM is typically soldered on this series.,Lenovo IdeaPad 5 Series 5 14ITL05 (Intel Core i5 11th Gen 14 Inch),₹25999,ok
Lenovo IdeaPad Slim 5 16IRL8,Lenovo,,Intel Core i7-13700H,,,16,False,,512,SSD,16,1920x1080,True,,"Thin and light design typically limits user-accessible upgrades, particularly for RAM which is soldered.",Lenovo ideapad Slim 5 Series 16IRL8 (Intel Core i7 13th Gen 16 Inch),₹54999,ok
Lenovo ThinkBook 15 G4 IAP,Lenovo,,Intel Core i5-1235U,10,12,,True,,,SSD,15.6,1920x1080,True,,Standard business laptop design with accessible internal components for RAM and storage upgrades.,Lenovo ThinkBook Series 15 G4 IAP (Intel Core i5 12th Gen 15.6 Inch),₹36999,ok
Lenovo ThinkPad X1 Carbon 6th Gen,Lenovo,2018,Intel Core i5-8250U,4,8,8,False,0,256,SSD,14,1920x1080,True,,RAM is soldered to the motherboard and not upgradable; SSD is replaceable.,Lenovo Thinkpad X1 Series X1 Carbon 6Th (Intel Core i5 8th Gen 14 Inch),₹23999,ok
Lenovo E Series E41-55,Lenovo,,AMD 3020e,,,,,,,,14,1920x1080,False,,,Lenovo Lenovo E Series E41-55 (Amd Athlon Pro 14 Inch),₹10999,ok
Lenovo IdeaPad Flex 5 14ALC05,Lenovo,,AMD Ryzen 7 5000U Series,,,16,False,,,,14,,True,,"RAM is typically soldered on this model, limiting upgradeability.",Lenovo IdeaPad Flex 5 Series 14ALC05 Touch screen (AMD Ryzen7 5000U Series 14 Inch),₹27999,ok
Lenovo IdeaPad 330S-14IKB,Lenovo,2018,Intel Core i5-8250U,4,8,4GB or 8GB,True,,256GB SSD or 1000GB HDD,SSD/HDD,14,1920x1080,False,,"Standard laptop chassis with accessible internal components, though some RAM may be soldered depending on the specific sub-model.",Lenovo IdeaPad 300 Series 330S-14IKB U (Intel Core i5 8th Gen 14 Inch),₹20799,ok
Lenovo IdeaPad 3 15IML05,Lenovo,,Intel Core i3-10110U,2,4,8,True,,256,SSD,15.6,1920x1080,True,49999,Supports multiple storage options including HDD and SSD; RAM is partially upgradable.,Lenovo IdeaPad 3 Series 15IML05 U1 (Intel Core i3 10th Gen 15.6 Inch),₹21999,ok
Lenovo IdeaPad 510S-14ISK,Lenovo,,Intel Core i7-6500U,,,,,,,,14.0,,False,,Slim design may limit internal accessibility; typical for 500 series ultrabooks.,Lenovo IdeaPad 500 Series 510S-14ISK (Intel Core i7 6th Gen 14 Inch),₹18999,ok
Lenovo Yoga 7 14IAL7,Lenovo,,Intel Core i7-1255U,,,16,False,,,SSD,14,2240x1400,True,,"Convertible 2-in-1 design, RAM is typically soldered on this series.",Lenovo Yoga 7 Series 14IAL7 Touch screen (Intel Core i7 12th Gen 14 Inch),₹44999,ok
Lenovo IdeaPad 3 15ADA05,Lenovo,,AMD Athlon Silver 3050U,2,2,,,,1000,HDD,15.6,1366x768,True,,"Refurbished unit, typically features standard IdeaPad 3 chassis construction.",Lenovo IdeaPad 3 Series 15ADA05 (Amd Athlon Silver 15.6 Inch),₹13999,ok
Lenovo ThinkPad L470,Lenovo,2017,Intel Core i5-7200U,2,4,,True,2,,SSD/HDD,14.0,1366x768 or 1920x1080,False,,"Highly repairable; features easily accessible RAM slots, swappable battery, and user-replaceable storage drive.",Lenovo Thinkpad L Series L470 (Intel Core i5 7th Gen 14 Inch),₹15999,ok
Lenovo ThinkPad E14 Gen 4,Lenovo,2022,Intel Core i5-1235U,10,12,8GB or 16GB,True,,256,SSD,14,1920x1080,True,,Features soldered memory alongside an SO-DIMM slot for expansion; standard ThinkPad modularity for SSD and battery.,Lenovo Thinkpad E Series E14 Gen 4 (Intel Core i5 12th Gen 14 Inch),₹34999,ok
Lenovo IdeaPad 130-15IKB,Lenovo,,Intel Core i3-7020U,2,4,4,,,,,15.6,1920x1080,False,,"Standard budget laptop chassis, likely requires removing bottom panel for component access.",Lenovo IdeaPad 100 Series 130-15IKB (Intel Core i3 7th Gen 15.6 Inch),₹13999,ok
Lenovo ThinkPad L13,Lenovo,,Intel Core i7-10510U,4,8,16,False,0,512,SSD,13.3,1920x1080,True,,RAM is soldered to the motherboard and not upgradable.,Lenovo Thinkpad L Series L13 (Intel Core i7 10th Gen 13.3 Inch),₹30999,ok
Lenovo Yoga Slim 7 14IIL05,Lenovo,2020,Intel Core i7-1065G7,4,8,16,False,0,1024,SSD,14,1920x1080,False,,RAM is soldered to the motherboard and not user-upgradable.,Lenovo Yoga Slim 7 Series 14IIl05 (Intel Core i7 10th Gen 14 Inch),₹35999,ok
Lenovo ThinkPad E490,Lenovo,2019,Intel Core i7-8565U,4,8,16,True,2,512,SSD,14.0,1920x1080,False,,High repairability; features a user-accessible bottom panel for easy upgrades to RAM and storage.,Lenovo Thinkpad E Series E490 (Intel Core i7 8th Gen 14 Inch),₹19999,ok
Lenovo ThinkPad Yoga Series 14S YOGA G2 IAP,Lenovo,,Intel Core i7-12th Gen,,,,,,,SSD,14,1920x1080,True,,,Lenovo ThinkPad Yoga Series 14S YOGA G2 IAP TOUCH SCREEN (Intel Core i7 12th Gen 14 Inch),₹38099,ok
Lenovo IdeaPad 3 14IIL05,Lenovo,2020,Intel Core i3-1005G1,2,4,,,,,SSD,14,1920x1080,True,,Standard thin-and-light chassis design; internal components are generally accessible but may require specific tools for disassembly.,Lenovo IdeaPad 3 Series 14IIL05 UA (Intel Core i3 10th Gen 14 Inch),₹18999,ok
Lenovo IdeaPad 3 15IML05,Lenovo,,Intel Core i5-10210U,4,8,8,True,,256,SSD,15.6,1920x1080,True,,Standard consumer laptop design with accessible internal components for RAM and storage upgrades.,Lenovo IdeaPad 3 Series 15IML05 D (Intel Core i5 10th Gen 15.6 Inch),₹23999,ok
Lenovo IdeaPad S340-14API,Lenovo,,AMD Ryzen 5 3500U,4,8,,True,,,SSD,14,1920x1080,True,,"Relatively simple process requiring a Torx T5 screwdriver to access internal components like NVMe SSD, 2.5-inch HDD, and RAM.",Lenovo IdeaPad S Series S340-14API (AMD Ryzen 5 3500U Series 14 Inch),₹21999,ok
Lenovo IdeaPad Slim 3 15IRU8,Lenovo,2023,Intel Core i3-1315U,6,8,8,,,512,SSD,15.6,,True,,,Lenovo IdeaPad Slim 3 Series 15IRU8 (Intel Core i3 13th Gen 15.6 Inch),₹28999,ok
Lenovo V15 G4 AMN,Lenovo,,AMD Ryzen 3 7320U,4,,8,False,,512,SSD,15.6,1920x1080,True,,"LPDDR5 memory is soldered to the motherboard, limiting upgradeability.",Lenovo Lenovo V Series V15 G4 AMN (AMD Ryzen3 7000U Series 15.6 Inch),₹16999,ok
Lenovo ThinkPad X390,Lenovo,,Intel Core i7-8665U,4,8,,False,0,,SSD,13.3,1920x1080,True,,RAM is soldered to the motherboard and not upgradable.,Lenovo Thinkpad X Series X390 (Intel Core i7 8th Gen 13.3 Inch),₹19999,ok
Lenovo ThinkPad T470,Lenovo,2017,Intel Core i7-6600U,2,4,8,True,2,256,SSD,14,1920x1080,False,,Highly repairable with easily accessible internal components and modular design.,Lenovo Thinkpad T Series T470 (Intel Core i7 8th Gen 14 Inch),₹22999,ok
Lenovo IdeaPad Flex 5 Series 14IIL05 Touch Screen (Intel Core i5 10th Gen 14 Inch),search_failed
Lenovo IdeaPad 3 15IIL05,Lenovo,2020,Intel Core i5-1035G1,4,8,8,True,1,256,SSD,15.6,1920x1080,False,,Standard clamshell design with accessible internal components for RAM and storage upgrades.,Lenovo IdeaPad 3 Series 15IIL05 U (Intel Core i5 10th Gen 15.6 Inch),₹26999,ok
Lenovo IdeaPad S145-15API,Lenovo,2019,AMD Ryzen 5 3500U / AMD Ryzen 3 3200U / AMD Athlon 300U,,,8,,,256,SSD,15.6,1920x1080 / 1366x768,False,,Entry-level chassis with limited internal access; RAM and storage upgrades depend on specific motherboard configuration.,Lenovo IdeaPad S Series S145-15API (AMD Ryzen5 3000U Series 15.6 Inch),₹15999,ok
Lenovo IdeaPad 3 15IAU7,Lenovo,2022,Intel Core i5-1235U,10,12,8,,,512,SSD,15.6,1920x1080,True,,Features a webcam privacy shutter; internal components are standard for the IdeaPad 3 series.,Lenovo IdeaPad 3 Series 15IAU7 (Intel Core i5 12th Gen 15.6 Inch),₹33999,ok
Lenovo IdeaPad S340-15IIL,Lenovo,2020,Intel Core i5-1035G4,4,8,8,True,1,512,SSD,15.6,1920x1080,False,,Features a mix of soldered and slot-based RAM; standard chassis design allows for basic component access.,Lenovo IdeaPad S Series S340-15IIL (Intel Core i5 10th Gen 15.6 Inch),₹29999,ok
Lenovo ThinkPad T480s,Lenovo,,Intel Core i7 8th Gen,,,,True,,,SSD,14,,True,,Known for being fairly slim and light yet quite upgradeable.,Lenovo Thinkpad T Series T480s (Intel Core i7 8th Gen 14 Inch),₹22999,ok
Lenovo V15 G2 ITL,Lenovo,,Intel Core i3-1115G4,2,4,8,True,1,256,SSD,15.6,1920x1080,True,,Features a mix of soldered and SO-DIMM memory; storage is M.2 SSD which is easily accessible.,Lenovo Lenovo V Series V15 G2 ITL UA (Intel Core i3 11th Gen 15.6 Inch),₹23999,ok
Lenovo IdeaPad 1 11IGL05,Lenovo,,Intel Celeron N4020,2,2,4,False,0,256,SSD,11.6,1366x768,True,,Entry-level laptop with soldered RAM and eMMC or M.2 storage options; limited upgradeability.,Lenovo IdeaPad 1 Series 11IGL05 (Intel Celeron N4020 11 Inch),₹10999,ok
Lenovo IdeaPad Gaming 3 15ARH05,Lenovo,2020,AMD Ryzen 7 4800H,8,16,16,True,2,512,SSD,15.6,1920x1080,True,,"Standard laptop design with accessible RAM and storage slots, though internal components require removing the bottom panel.",Lenovo IdeaPad Gaming Series 3 15ARH05 (AMD Ryzen7 4000H Series 15.6 Inch),₹29999,ok
Lenovo Yoga 7 14ITL5,Lenovo,,Intel Core i7-1165G7,4,8,16,False,0,1000,SSD,14,1920x1080,True,,RAM is soldered to the motherboard and not upgradable; SSD is typically replaceable.,Lenovo Yoga 7 Series TOUCH SCREEN - 14ITL5 (Intel Core i7 11th Gen 14 Inch),₹39999,ok
Lenovo IdeaPad 5 14ALC05,Lenovo,,AMD Ryzen 7 5700U / AMD Ryzen 5 5500U,,,16,False,,,SSD,14.0,1920x1080,True,,RAM is soldered to the motherboard and not upgradable.,Lenovo IdeaPad 5 Series 5 14ALC05 (AMD Ryzen7 5000U Series 14 Inch),₹27999,ok
Lenovo IdeaPad Flex 5 14ITL05,Lenovo,,Intel Core i5-1135G7,4,,8,False,,,,14,1920x1080,True,,"RAM is typically soldered on this model, limiting upgradeability.",Lenovo IdeaPad Flex 5 Series 5 14ITL05 (Intel Core i5 11th Gen 14 Inch),₹30999,ok
Lenovo ThinkPad E14,Lenovo,,Intel Core i7-10510U,,,8,True,,512,SSD,14.0,1920x1080,True,,Standard ThinkPad E-series design with accessible internal components for RAM and storage upgrades.,Lenovo Thinkpad E Series E14 (Intel Core i7 10th Gen 14 Inch),₹33999,ok
Lenovo IdeaPad S145-14IWL,Lenovo,,Intel Pentium 5405U / Intel Core i5-8265U,,,8,,,,SSD/HDD,14,,False,,"Standard budget laptop construction, limited internal access.",Lenovo IdeaPad S Series S145-14IWL (Intel Pentium 5Th Gen 14 Inch),₹14999,ok
Lenovo IdeaPad 3 15IML05,Lenovo,,Intel Pentium Gold 6405U / Intel Core i3 10th Gen,2,,8,,,,,15.6,,False,,"Standard laptop chassis, screen replacement requires bezel removal",Lenovo IdeaPad 3 Series 3-15IML05 (Intel Pentium Dual Core 15.6 Inch),₹13999,ok
Lenovo IdeaPad Slim 5 15ALC05,Lenovo,,AMD Ryzen 5,6,12,,False,,,SSD,15.6,1920x1080,True,,"RAM is typically soldered on this model, limiting upgradeability.",Lenovo IdeaPad 5 Series 15ALC05 (AMD Ryzen7 5000U Series 15.6 Inch),₹25999,ok
Lenovo IdeaPad L340-15IRH,Lenovo,,Intel Core i5-9300H,,,,,,,HDD,15.6,,False,,,Lenovo IdeaPad L Series L340-15IRH (Intel Core i5 9th Gen 15.6 Inch),₹20999,ok
Lenovo IdeaPad 5 15ITL05,Lenovo,,Intel Core i5-1135G7,4,,8,False,0,,SSD,15.6,1920x1080,True,,RAM is soldered to the motherboard and not upgradable.,Lenovo IdeaPad 5 Series 15ITL05 Ua (Intel Core i5 11th Gen 15.6 Inch),₹27999,ok
Lenovo Yoga Slim 7 Pro 14IHU5,Lenovo,2021,Intel Core i5-11300H,4,8,16,False,0,512,SSD,14,,True,,RAM is soldered to the motherboard and not user-upgradable.,Lenovo Yoga Slim 7 Pro Series 14IHU5 (Intel Core i5 11th Gen 14 Inch),₹32999,ok
Lenovo IdeaPad 3 15ITL05,Lenovo,,Intel Core i3-1115G4,2,4,12,True,1,,,15.6,,True,,"Features a mix of onboard and SODIMM memory, allowing for partial RAM upgrades.",Lenovo IdeaPad 3 Series 15ITL05 (Intel Core i3 11th Gen 15.6 Inch),₹20999,ok
Lenovo IdeaPad 3 15IML05,Lenovo,,Intel Core i3 10th Gen,,,8,,,256,SSD,15.6,1920x1080,True,30800,,Lenovo IdeaPad 3 Series 14IML05 (Intel Core i3 10th Gen 15.6 Inch),₹18499,ok
Lenovo IdeaPad 5 15IAL7,Lenovo,,Intel Core i5-1235U,,,,,,,,15.6,,True,,,Lenovo IdeaPad Slim 5i Series IDEAPAD 5 15IAL7 (Intel Core i5 12th Gen 15.6 Inch),₹39999,ok
Lenovo ThinkPad T14 Gen 1,Lenovo,2020,"Intel Core i7-10750H, i7-10610U, i7-10510U, i5-10310U, i5-10210U",,,,True,,,SSD,14,,True,,ThinkPad T series generally features good serviceability with accessible internal components and modular parts.,Lenovo Lenovo Thinkpad T Series T14 GEN 1 Touchscreen (Intel Core i7 10th Gen 14 Inch),₹33999,ok
Lenovo Yoga S740-14IIL,Lenovo,,Intel Core i5-10210U,4,8,,False,,,SSD,14,1920x1080,True,,"RAM is typically soldered on the S740 series, limiting upgradeability.",Lenovo Yoga 700 Series S740-14IIL (Intel Core i7 10th Gen 14 Inch),₹37999,ok
Lenovo ThinkPad T14 Gen 2,Lenovo,,Intel Core i5-1145G7 or i5-1135G7,4,,,True,,256,SSD,14,1920x1080,True,,"ThinkPad T series generally features good serviceability with accessible internal components, though specific RAM configuration varies by model.",Lenovo Lenovo Thinkpad T Series Thinkpad T14 Gen 2 Touchscreen (Intel Core i5 11th Gen 14 Inch),₹25999,ok
Lenovo IdeaPad S145-15IKB,Lenovo,,Intel Core i3-7020U or i3-8130U,,,,,,,SSD/HDD,15.6,1366x768 or 1920x1080,False,33605,"Standard clamshell laptop design, internal components generally accessible by removing the bottom panel.",Lenovo IdeaPad S Series s145-15IKB (Intel Core i3 7th Gen 15.6 Inch),₹11499,ok
Lenovo ThinkPad X1 Yoga Gen 6,Lenovo,2021,Intel Core i7-11th Gen,4,8,16,False,0,512,SSD,14,1920x1200,True,,RAM is soldered to the motherboard and not upgradable; SSD is replaceable.,Lenovo Thinkpad X1 Series Yoga Gen 6 (Intel Core i7 11th Gen 14 Inch),₹43999,ok
Lenovo ThinkPad T495,Lenovo,,AMD Ryzen 7 PRO 3700U,4,8,16,True,1,256,SSD,14,,False,,"Features a modular design with one soldered RAM slot and one SO-DIMM slot, allowing for memory upgrades.",Lenovo Thinkpad T Series T495 (Amd Ryzen7 Pro 3000U Series 14 Inch),₹25999,ok
Lenovo IdeaPad 3 14IAU7,Lenovo,,Intel Core i3-1215U,,,8,,,512,SSD,14,1920x1080,True,,,Lenovo IdeaPad 3 Series 14IAU7 (Intel Core i3 12th Gen 14 Inch),₹23999,ok
Lenovo IdeaPad Slim 5 15ITL05,Lenovo,,Intel Core i5 11th Gen,,,12,,,,,15.6,1920x1080,True,69990,,Lenovo ideapad Slim 5 Series 15ITL05 (Intel Core i5 11th Gen 15.6 Inch),₹34999,ok
Lenovo IdeaPad S540-15IWL,Lenovo,,Intel Core i5 8th Gen,,,8,,,1128,SSD,15.6,1920x1080,False,,"Refurbished unit, standard thin-and-light laptop construction",Lenovo IdeaPad S Series S540-15IWL D (Intel Core i5 8th Gen 15.6 Inch),₹19999,ok
Lenovo ThinkPad X1 Yoga Gen 6,Lenovo,2021,Intel Core i7-1165G7,,,16,False,,512,SSD,14,,True,,Soldered RAM is not user-upgradable; device features a 2-in-1 convertible design.,Lenovo ThinkPad Yoga Series X1 YOGA Gen 6 (Intel Core i7 11th Gen 14 Inch),₹39999,ok
Lenovo IdeaPad 3 14ITL6,Lenovo,,Intel Core i3-1115G4 / i5-1155G7 / i7-1165G7,,,,,,,SSD,14,1920x1080,True,,Features intelligent cooling system for thermal management,Lenovo IdeaPad 3 Series ideapad 3 14ITL6 (Intel Core i3 11th Gen 14 Inch),₹20999,ok
Lenovo IdeaPad 3 15IIL05,Lenovo,,Intel Core i3-1005G1,2,4,8,,,,,15.6,1920x1080,True,32990,,Lenovo IdeaPad 3 Series 15IIL05 (Intel Core i3 10th Gen 15.6 Inch),₹16999,ok
Lenovo Legion 5 15IMH05H,Lenovo,,Intel Core i7-10750H,6,,,True,,1536,SSD,15.6,1920x1080,False,,Standard gaming laptop chassis with accessible internal components for RAM and storage upgrades.,Lenovo Legion 5 Series 15IMH05 (Intel Core i7 10th Gen 15.6 Inch),₹31999,ok
Lenovo IdeaPad Gaming 3 15IHU6,Lenovo,,Intel Core i5 11th Gen,,,,,,,,15.6,,True,,,Lenovo IdeaPad Gaming Series 3 15IHU6D1 (Intel Core i5 11th Gen 15.6 Inch),₹29999,ok
Lenovo ThinkPad T480,Lenovo,2018,Intel Core i7-8650U,4,8,16,True,2,512,SSD,14,1920x1080,True,,"Highly repairable with easily accessible internal components, dual battery system, and user-replaceable RAM and storage.",Lenovo Thinkpad T Series T480 (Intel Core i7 8th Gen 14 Inch),₹21999,ok
Lenovo Legion Y540-15IRH-PG0,Lenovo,2019,Intel Core i5-9300HF,4,,,True,,,SSD,15.6,,False,,"Standard clamshell design, internal components generally accessible for upgrades like RAM and storage.",Lenovo Legion Y500 Series Y540-15IRH-PG0 (Intel Core i5 9th Gen 15.6 Inch),₹24999,ok
Lenovo IdeaPad 3 15IAU7,Lenovo,,Intel Core i3-1215U,6,8,8,False,0,512,SSD,15.6,1920x1080,True,,"RAM is soldered to the motherboard, limiting memory upgradeability.",Lenovo IdeaPad 3 Series 15IAU7 (Intel Core i3 12th Gen 15.6 Inch),₹23999,ok
Lenovo IdeaPad 5 14ARE05,Lenovo,2020,AMD Ryzen 7 4700U,8,8,8,False,0,,SSD,14,1920x1080,True,,RAM is soldered to the motherboard and not user-upgradable.,Lenovo IdeaPad 5 Series 14ARE05 (AMD Ryzen7 4000U Series 14 Inch),₹23999,ok
Lenovo IdeaPad Flex 5 14ITL05,Lenovo,,Intel Core i3-1115G4,2,4,8,False,,256,SSD,14,1920x1080,True,,"RAM is typically soldered on this model, limiting upgradeability.",Lenovo IdeaPad Flex 5 Series 5 14ITL05 (Intel Core i3 11th Gen 14 Inch),₹24999,ok
Lenovo IdeaPad Slim 3 15AMN8,Lenovo,,AMD Ryzen 5 7520U,,,8,False,,,SSD,15.6,1920x1080,True,,Slim series laptops typically feature soldered RAM and limited internal accessibility.,Lenovo IdeaPad Slim 3i Series 15AMN8 (AMD Ryzen5 7000U Series 15.6 Inch),₹26999,ok
Lenovo ThinkPad X280,Lenovo,2018,"Intel Core i7-8650U, i7-8550U, i5-8350U, i5-8250U, i5-7200U",,,8GB or 16GB,False,0,256,SSD,12.5,1920x1080,False,,RAM is soldered to the motherboard and not upgradable.,Lenovo Thinkpad X Series X280 (Intel Core i7 8th Gen 12.5 Inch),₹21999,ok
Lenovo ThinkPad T480,Lenovo,,Intel Core i5-8350U / i5-8250U,4,8,,True,2,256,SSD,14,1920x1080,True,,"Highly repairable with easily accessible internal components, dual battery system, and user-replaceable RAM and storage.",Lenovo Thinkpad T Series T480 Touch Screen (Intel Core i5 8th Gen 14 Inch),₹19999,ok
Lenovo IdeaPad 3 14ITL05,Lenovo,,Intel Core i3 11th Gen,,,8,,,128,SSD,14,,True,,Features a physical webcam security shutter for privacy.,Lenovo IdeaPad 3 Series 3 14ITL05 (Intel Core i3 11th Gen 14 Inch),₹19999,ok
Lenovo ThinkBook 14 G2 ITL,Lenovo,,Intel Core i7-1165G7,,,16,,,500,SSD,14,,True,,"Features self-healing BIOS and TPM for security, but specific repairability score is not provided.",Lenovo ThinkBook Series 14 G2 ITL (Intel Core i7 11th Gen 14 Inch),₹30999,ok
Lenovo ThinkPad L390,Lenovo,2018,Intel Core i7 8th Gen,,,,True,,512,SSD,13.3,,True,79999,Robust ThinkPad chassis known for durability and ease of maintenance.,Lenovo Thinkpad L Series L390 (Intel Core i7 8th Gen 13.3 Inch),₹24999,ok
Lenovo IdeaPad S145-15IKB,Lenovo,,Intel Core i3-7020U,2,4,4,True,,1128,SSD/HDD,15.6,,False,,"RAM is upgradable, features both SSD and HDD storage options.",Lenovo IdeaPad S Series s145-15IKB (Intel Core i3 7th Gen 15 Inch),₹19999,ok
Lenovo IdeaPad Flex 5 14IIL05,Lenovo,2020,Intel Core i5-1035G1,4,8,16,False,0,512,SSD,14,1920x1080,False,,Soldered RAM is not upgradable; standard SSD replacement possible.,Lenovo IdeaPad Flex 5 Series 14IIL05 Touch Screen (Intel Core i5 10th Gen 14 Inch),₹25999,ok
Lenovo IdeaPad S340-14IIL,Lenovo,2020,Intel Core i5-1035G1,4,8,,,,,SSD,14,,True,,Refurbished units available in varying grades; internal components may vary by specific configuration.,Lenovo IdeaPad S Series S340-14IIL (Intel Core i5 10th Gen 14 Inch),₹24999,ok
